path	format	interpreter	max_glibc	max_glibcxx	needed
bin/bzip2recover	ELF 64-bit LSB pie executable, ARM aarch64, version 1 (SYSV), dynamically linked, interpreter /lib/ld-linux-aarch64.so.1, for GNU/Linux 3.7.0, with debug_info, not stripped	off    0x0000000000000238 vaddr 0x0000000000000238 paddr 0x0000000000000238 align 2**0	2.17	-	libc.so.6
bin/tabs	ELF 64-bit LSB pie executable, ARM aarch64, version 1 (SYSV), dynamically linked, interpreter /lib/ld-linux-aarch64.so.1, for GNU/Linux 3.7.0, stripped	off    0x0000000000000238 vaddr 0x0000000000000238 paddr 0x0000000000000238 align 2**0	2.17	-	libtinfow.so.6,libc.so.6,ld-linux-aarch64.so.1
bin/makeconv	ELF 64-bit LSB pie executable, ARM aarch64, version 1 (SYSV), dynamically linked, interpreter /lib/ld-linux-aarch64.so.1, for GNU/Linux 3.7.0, not stripped	off    0x0000000000000238 vaddr 0x0000000000000238 paddr 0x0000000000000238 align 2**0	2.17	-	libicutu.so.78,libicuuc.so.78,libstdc++.so.6,libgcc_s.so.1,libc.so.6,ld-linux-aarch64.so.1
bin/toe	ELF 64-bit LSB pie executable, ARM aarch64, version 1 (SYSV), dynamically linked, interpreter /lib/ld-linux-aarch64.so.1, for GNU/Linux 3.7.0, stripped	off    0x0000000000000238 vaddr 0x0000000000000238 paddr 0x0000000000000238 align 2**0	2.17	-	libtinfow.so.6,libc.so.6,ld-linux-aarch64.so.1
bin/aarch64-conda-linux-gnu-cpp	ELF 64-bit LSB executable, ARM aarch64, version 1 (GNU/Linux), dynamically linked, interpreter /lib/ld-linux-aarch64.so.1, for GNU/Linux 3.7.0, stripped	off    0x0000000000000270 vaddr 0x0000000000400270 paddr 0x0000000000400270 align 2**0	2.17	-	libm.so.6,libc.so.6
bin/aarch64-conda-linux-gnu-gcc-nm	ELF 64-bit LSB executable, ARM aarch64, version 1 (SYSV), dynamically linked, interpreter /lib/ld-linux-aarch64.so.1, for GNU/Linux 3.7.0, stripped	off    0x0000000000000238 vaddr 0x0000000000400238 paddr 0x0000000000400238 align 2**0	2.17	-	libm.so.6,libc.so.6
bin/aarch64-conda-linux-gnu-gcc-ar	ELF 64-bit LSB executable, ARM aarch64, version 1 (SYSV), dynamically linked, interpreter /lib/ld-linux-aarch64.so.1, for GNU/Linux 3.7.0, stripped	off    0x0000000000000238 vaddr 0x0000000000400238 paddr 0x0000000000400238 align 2**0	2.17	-	libm.so.6,libc.so.6
bin/aarch64-conda-linux-gnu-strings	ELF 64-bit LSB pie executable, ARM aarch64, version 1 (SYSV), dynamically linked, interpreter /lib/ld-linux-aarch64.so.1, for GNU/Linux 3.7.0, stripped	off    0x0000000000000270 vaddr 0x0000000000000270 paddr 0x0000000000000270 align 2**0	2.17	-	libzstd.so.1,libdl.so.2,libc.so.6,ld-linux-aarch64.so.1
bin/aarch64-conda-linux-gnu-size	ELF 64-bit LSB pie executable, ARM aarch64, version 1 (SYSV), dynamically linked, interpreter /lib/ld-linux-aarch64.so.1, for GNU/Linux 3.7.0, stripped	off    0x0000000000000270 vaddr 0x0000000000000270 paddr 0x0000000000000270 align 2**0	2.17	-	libzstd.so.1,libdl.so.2,libc.so.6,ld-linux-aarch64.so.1
bin/gencnval	ELF 64-bit LSB pie executable, ARM aarch64, version 1 (SYSV), dynamically linked, interpreter /lib/ld-linux-aarch64.so.1, for GNU/Linux 3.7.0, not stripped	off    0x0000000000000238 vaddr 0x0000000000000238 paddr 0x0000000000000238 align 2**0	2.17	-	libicutu.so.78,libicuuc.so.78,libc.so.6,ld-linux-aarch64.so.1
bin/aarch64-conda-linux-gnu-c++filt	ELF 64-bit LSB pie executable, ARM aarch64, version 1 (SYSV), dynamically linked, interpreter /lib/ld-linux-aarch64.so.1, for GNU/Linux 3.7.0, stripped	off    0x0000000000000270 vaddr 0x0000000000000270 paddr 0x0000000000000270 align 2**0	2.17	-	libzstd.so.1,libdl.so.2,libc.so.6,ld-linux-aarch64.so.1
bin/aarch64-conda-linux-gnu-objdump	ELF 64-bit LSB pie executable, ARM aarch64, version 1 (SYSV), dynamically linked, interpreter /lib/ld-linux-aarch64.so.1, for GNU/Linux 3.7.0, stripped	off    0x0000000000000270 vaddr 0x0000000000000270 paddr 0x0000000000000270 align 2**0	2.17	-	libzstd.so.1,libdl.so.2,libc.so.6,ld-linux-aarch64.so.1
bin/gencfu	ELF 64-bit LSB pie executable, ARM aarch64, version 1 (SYSV), dynamically linked, interpreter /lib/ld-linux-aarch64.so.1, for GNU/Linux 3.7.0, not stripped	off    0x0000000000000238 vaddr 0x0000000000000238 paddr 0x0000000000000238 align 2**0	2.17	3.4	libicutu.so.78,libicui18n.so.78,libicuuc.so.78,libstdc++.so.6,libc.so.6,ld-linux-aarch64.so.1
bin/wish8.6	ELF 64-bit LSB pie executable, ARM aarch64, version 1 (SYSV), dynamically linked, interpreter /lib/ld-linux-aarch64.so.1, for GNU/Linux 3.7.0, not stripped	off    0x0000000000000238 vaddr 0x0000000000000238 paddr 0x0000000000000238 align 2**0	2.17	-	libtk8.6.so,libtcl8.6.so,libc.so.6
bin/bunzip2	ELF 64-bit LSB pie executable, ARM aarch64, version 1 (SYSV), dynamically linked, interpreter /lib/ld-linux-aarch64.so.1, for GNU/Linux 3.7.0, with debug_info, not stripped	off    0x0000000000000238 vaddr 0x0000000000000238 paddr 0x0000000000000238 align 2**0	2.17	-	libc.so.6,ld-linux-aarch64.so.1
bin/aarch64-conda-linux-gnu-ld.bfd	ELF 64-bit LSB pie executable, ARM aarch64, version 1 (SYSV), dynamically linked, interpreter /lib/ld-linux-aarch64.so.1, for GNU/Linux 3.7.0, stripped	off    0x0000000000000270 vaddr 0x0000000000000270 paddr 0x0000000000000270 align 2**0	2.17	-	libzstd.so.1,libdl.so.2,libc.so.6,ld-linux-aarch64.so.1
bin/aarch64-conda-linux-gnu-gprof	ELF 64-bit LSB pie executable, ARM aarch64, version 1 (SYSV), dynamically linked, interpreter /lib/ld-linux-aarch64.so.1, for GNU/Linux 3.7.0, stripped	off    0x0000000000000270 vaddr 0x0000000000000270 paddr 0x0000000000000270 align 2**0	2.17	-	libzstd.so.1,libdl.so.2,libc.so.6,ld-linux-aarch64.so.1
bin/tset	ELF 64-bit LSB pie executable, ARM aarch64, version 1 (SYSV), dynamically linked, interpreter /lib/ld-linux-aarch64.so.1, for GNU/Linux 3.7.0, stripped	off    0x0000000000000238 vaddr 0x0000000000000238 paddr 0x0000000000000238 align 2**0	2.17	-	libtinfow.so.6,libc.so.6,ld-linux-aarch64.so.1
bin/aarch64-conda-linux-gnu-ld	ELF 64-bit LSB pie executable, ARM aarch64, version 1 (SYSV), dynamically linked, interpreter /lib/ld-linux-aarch64.so.1, for GNU/Linux 3.7.0, stripped	off    0x0000000000000270 vaddr 0x0000000000000270 paddr 0x0000000000000270 align 2**0	2.17	-	libzstd.so.1,libdl.so.2,libc.so.6,ld-linux-aarch64.so.1
bin/bzcat	ELF 64-bit LSB pie executable, ARM aarch64, version 1 (SYSV), dynamically linked, interpreter /lib/ld-linux-aarch64.so.1, for GNU/Linux 3.7.0, with debug_info, not stripped	off    0x0000000000000238 vaddr 0x0000000000000238 paddr 0x0000000000000238 align 2**0	2.17	-	libc.so.6,ld-linux-aarch64.so.1
bin/icuinfo	ELF 64-bit LSB pie executable, ARM aarch64, version 1 (SYSV), dynamically linked, interpreter /lib/ld-linux-aarch64.so.1, for GNU/Linux 3.7.0, not stripped	off    0x0000000000000238 vaddr 0x0000000000000238 paddr 0x0000000000000238 align 2**0	2.17	-	libicutu.so.78,libicuuc.so.78,libc.so.6,ld-linux-aarch64.so.1
bin/aarch64-conda-linux-gnu-strip	ELF 64-bit LSB pie executable, ARM aarch64, version 1 (SYSV), dynamically linked, interpreter /lib/ld-linux-aarch64.so.1, for GNU/Linux 3.7.0, stripped	off    0x0000000000000270 vaddr 0x0000000000000270 paddr 0x0000000000000270 align 2**0	2.17	-	libzstd.so.1,libdl.so.2,libc.so.6,ld-linux-aarch64.so.1
bin/aarch64-conda-linux-gnu-readelf	ELF 64-bit LSB pie executable, ARM aarch64, version 1 (SYSV), dynamically linked, interpreter /lib/ld-linux-aarch64.so.1, for GNU/Linux 3.7.0, stripped	off    0x0000000000000238 vaddr 0x0000000000000238 paddr 0x0000000000000238 align 2**0	2.17	-	libzstd.so.1,libc.so.6,ld-linux-aarch64.so.1
bin/tclsh8.6	ELF 64-bit LSB pie executable, ARM aarch64, version 1 (SYSV), dynamically linked, interpreter /lib/ld-linux-aarch64.so.1, for GNU/Linux 3.7.0, not stripped	off    0x0000000000000238 vaddr 0x0000000000000238 paddr 0x0000000000000238 align 2**0	2.17	-	libtcl8.6.so,libc.so.6
bin/python3.11	ELF 64-bit LSB pie executable, ARM aarch64, version 1 (SYSV), dynamically linked, interpreter /lib/ld-linux-aarch64.so.1, for GNU/Linux 3.7.0, not stripped	off    0x0000000000000238 vaddr 0x0000000000000238 paddr 0x0000000000000238 align 2**0	2.17	-	libpthread.so.0,libdl.so.2,libutil.so.1,libm.so.6,libc.so.6,ld-linux-aarch64.so.1
bin/gendict	ELF 64-bit LSB pie executable, ARM aarch64, version 1 (SYSV), dynamically linked, interpreter /lib/ld-linux-aarch64.so.1, for GNU/Linux 3.7.0, not stripped	off    0x0000000000000238 vaddr 0x0000000000000238 paddr 0x0000000000000238 align 2**0	2.17	-	libicutu.so.78,libicuuc.so.78,libstdc++.so.6,libgcc_s.so.1,libc.so.6,ld-linux-aarch64.so.1
bin/aarch64-conda-linux-gnu-gcov-tool	ELF 64-bit LSB executable, ARM aarch64, version 1 (GNU/Linux), dynamically linked, interpreter /lib/ld-linux-aarch64.so.1, for GNU/Linux 3.7.0, stripped	off    0x0000000000000270 vaddr 0x0000000000400270 paddr 0x0000000000400270 align 2**0	2.17	-	libm.so.6,libc.so.6
bin/aarch64-conda-linux-gnu-elfedit	ELF 64-bit LSB pie executable, ARM aarch64, version 1 (SYSV), dynamically linked, interpreter /lib/ld-linux-aarch64.so.1, for GNU/Linux 3.7.0, stripped	off    0x0000000000000238 vaddr 0x0000000000000238 paddr 0x0000000000000238 align 2**0	2.17	-	libc.so.6,ld-linux-aarch64.so.1
bin/clear	ELF 64-bit LSB pie executable, ARM aarch64, version 1 (SYSV), dynamically linked, interpreter /lib/ld-linux-aarch64.so.1, for GNU/Linux 3.7.0, stripped	off    0x0000000000000238 vaddr 0x0000000000000238 paddr 0x0000000000000238 align 2**0	2.17	-	libtinfow.so.6,libc.so.6,ld-linux-aarch64.so.1
bin/genrb	ELF 64-bit LSB pie executable, ARM aarch64, version 1 (SYSV), dynamically linked, interpreter /lib/ld-linux-aarch64.so.1, for GNU/Linux 3.7.0, not stripped	off    0x0000000000000238 vaddr 0x0000000000000238 paddr 0x0000000000000238 align 2**0	2.17	3.4.32	libicutu.so.78,libicui18n.so.78,libicuuc.so.78,libstdc++.so.6,libgcc_s.so.1,libc.so.6,ld-linux-aarch64.so.1
bin/tic	ELF 64-bit LSB pie executable, ARM aarch64, version 1 (SYSV), dynamically linked, interpreter /lib/ld-linux-aarch64.so.1, for GNU/Linux 3.7.0, stripped	off    0x0000000000000238 vaddr 0x0000000000000238 paddr 0x0000000000000238 align 2**0	2.17	-	libtinfow.so.6,libc.so.6,ld-linux-aarch64.so.1
bin/aarch64-conda-linux-gnu-ranlib	ELF 64-bit LSB pie executable, ARM aarch64, version 1 (SYSV), dynamically linked, interpreter /lib/ld-linux-aarch64.so.1, for GNU/Linux 3.7.0, stripped	off    0x0000000000000270 vaddr 0x0000000000000270 paddr 0x0000000000000270 align 2**0	2.17	-	libzstd.so.1,libdl.so.2,libc.so.6,ld-linux-aarch64.so.1
bin/aarch64-conda-linux-gnu-ar	ELF 64-bit LSB pie executable, ARM aarch64, version 1 (SYSV), dynamically linked, interpreter /lib/ld-linux-aarch64.so.1, for GNU/Linux 3.7.0, stripped	off    0x0000000000000270 vaddr 0x0000000000000270 paddr 0x0000000000000270 align 2**0	2.17	-	libzstd.so.1,libdl.so.2,libc.so.6,ld-linux-aarch64.so.1
bin/make	ELF 64-bit LSB pie executable, ARM aarch64, version 1 (SYSV), dynamically linked, interpreter /lib/ld-linux-aarch64.so.1, for GNU/Linux 3.7.0, not stripped	off    0x0000000000000238 vaddr 0x0000000000000238 paddr 0x0000000000000238 align 2**0	2.17	-	libdl.so.2,libc.so.6,ld-linux-aarch64.so.1
bin/infocmp	ELF 64-bit LSB pie executable, ARM aarch64, version 1 (SYSV), dynamically linked, interpreter /lib/ld-linux-aarch64.so.1, for GNU/Linux 3.7.0, stripped	off    0x0000000000000238 vaddr 0x0000000000000238 paddr 0x0000000000000238 align 2**0	2.17	-	libtinfow.so.6,libc.so.6,ld-linux-aarch64.so.1
bin/aarch64-conda-linux-gnu-gcov-dump	ELF 64-bit LSB executable, ARM aarch64, version 1 (GNU/Linux), dynamically linked, interpreter /lib/ld-linux-aarch64.so.1, for GNU/Linux 3.7.0, stripped	off    0x0000000000000270 vaddr 0x0000000000400270 paddr 0x0000000000400270 align 2**0	2.17	-	libm.so.6,libc.so.6
bin/zstd	ELF 64-bit LSB pie executable, ARM aarch64, version 1 (SYSV), dynamically linked, interpreter /lib/ld-linux-aarch64.so.1, for GNU/Linux 3.7.0, not stripped	off    0x0000000000000238 vaddr 0x0000000000000238 paddr 0x0000000000000238 align 2**0	2.17	-	libzstd.so.1,libz.so.1,libpthread.so.0,libc.so.6,ld-linux-aarch64.so.1
bin/aarch64-conda-linux-gnu-c++	ELF 64-bit LSB executable, ARM aarch64, version 1 (GNU/Linux), dynamically linked, interpreter /lib/ld-linux-aarch64.so.1, for GNU/Linux 3.7.0, stripped	off    0x0000000000000270 vaddr 0x0000000000400270 paddr 0x0000000000400270 align 2**0	2.17	-	libm.so.6,libc.so.6
bin/icuexportdata	ELF 64-bit LSB pie executable, ARM aarch64, version 1 (SYSV), dynamically linked, interpreter /lib/ld-linux-aarch64.so.1, for GNU/Linux 3.7.0, not stripped	off    0x0000000000000238 vaddr 0x0000000000000238 paddr 0x0000000000000238 align 2**0	2.17	3.4.32	libicutu.so.78,libicuuc.so.78,libstdc++.so.6,libgcc_s.so.1,libc.so.6,ld-linux-aarch64.so.1
bin/aarch64-conda-linux-gnu-nm	ELF 64-bit LSB pie executable, ARM aarch64, version 1 (SYSV), dynamically linked, interpreter /lib/ld-linux-aarch64.so.1, for GNU/Linux 3.7.0, stripped	off    0x0000000000000270 vaddr 0x0000000000000270 paddr 0x0000000000000270 align 2**0	2.17	-	libzstd.so.1,libdl.so.2,libc.so.6,ld-linux-aarch64.so.1
bin/aarch64-conda-linux-gnu-addr2line	ELF 64-bit LSB pie executable, ARM aarch64, version 1 (SYSV), dynamically linked, interpreter /lib/ld-linux-aarch64.so.1, for GNU/Linux 3.7.0, stripped	off    0x0000000000000270 vaddr 0x0000000000000270 paddr 0x0000000000000270 align 2**0	2.17	-	libzstd.so.1,libdl.so.2,libc.so.6,ld-linux-aarch64.so.1
bin/pkgdata	ELF 64-bit LSB pie executable, ARM aarch64, version 1 (SYSV), dynamically linked, interpreter /lib/ld-linux-aarch64.so.1, for GNU/Linux 3.7.0, not stripped	off    0x0000000000000238 vaddr 0x0000000000000238 paddr 0x0000000000000238 align 2**0	2.17	-	libicutu.so.78,libicuuc.so.78,libpthread.so.0,libstdc++.so.6,libgcc_s.so.1,libc.so.6,ld-linux-aarch64.so.1
bin/aarch64-conda-linux-gnu-as	ELF 64-bit LSB pie executable, ARM aarch64, version 1 (SYSV), dynamically linked, interpreter /lib/ld-linux-aarch64.so.1, for GNU/Linux 3.7.0, stripped	off    0x0000000000000270 vaddr 0x0000000000000270 paddr 0x0000000000000270 align 2**0	2.17	-	libzstd.so.1,libdl.so.2,libc.so.6,ld-linux-aarch64.so.1
bin/aarch64-conda-linux-gnu-g++	ELF 64-bit LSB executable, ARM aarch64, version 1 (GNU/Linux), dynamically linked, interpreter /lib/ld-linux-aarch64.so.1, for GNU/Linux 3.7.0, stripped	off    0x0000000000000270 vaddr 0x0000000000400270 paddr 0x0000000000400270 align 2**0	2.17	-	libm.so.6,libc.so.6
bin/aarch64-conda-linux-gnu-gcc-ranlib	ELF 64-bit LSB executable, ARM aarch64, version 1 (SYSV), dynamically linked, interpreter /lib/ld-linux-aarch64.so.1, for GNU/Linux 3.7.0, stripped	off    0x0000000000000238 vaddr 0x0000000000400238 paddr 0x0000000000400238 align 2**0	2.17	-	libm.so.6,libc.so.6
bin/aarch64-conda-linux-gnu-objcopy	ELF 64-bit LSB pie executable, ARM aarch64, version 1 (SYSV), dynamically linked, interpreter /lib/ld-linux-aarch64.so.1, for GNU/Linux 3.7.0, stripped	off    0x0000000000000270 vaddr 0x0000000000000270 paddr 0x0000000000000270 align 2**0	2.17	-	libzstd.so.1,libdl.so.2,libc.so.6,ld-linux-aarch64.so.1
bin/node	ELF 64-bit LSB pie executable, ARM aarch64, version 1 (SYSV), dynamically linked, interpreter /lib/ld-linux-aarch64.so.1, for GNU/Linux 3.7.0, not stripped	off    0x0000000000000238 vaddr 0x0000000000000238 paddr 0x0000000000000238 align 2**0	2.17	-	libnode.so.127,libc.so.6
bin/genbrk	ELF 64-bit LSB pie executable, ARM aarch64, version 1 (SYSV), dynamically linked, interpreter /lib/ld-linux-aarch64.so.1, for GNU/Linux 3.7.0, not stripped	off    0x0000000000000238 vaddr 0x0000000000000238 paddr 0x0000000000000238 align 2**0	2.17	3.4	libicutu.so.78,libicuuc.so.78,libstdc++.so.6,libgcc_s.so.1,libc.so.6,ld-linux-aarch64.so.1
bin/tput	ELF 64-bit LSB pie executable, ARM aarch64, version 1 (SYSV), dynamically linked, interpreter /lib/ld-linux-aarch64.so.1, for GNU/Linux 3.7.0, stripped	off    0x0000000000000238 vaddr 0x0000000000000238 paddr 0x0000000000000238 align 2**0	2.17	-	libtinfow.so.6,libc.so.6,ld-linux-aarch64.so.1
bin/aarch64-conda-linux-gnu-gcc	ELF 64-bit LSB executable, ARM aarch64, version 1 (GNU/Linux), dynamically linked, interpreter /lib/ld-linux-aarch64.so.1, for GNU/Linux 3.7.0, stripped	off    0x0000000000000270 vaddr 0x0000000000400270 paddr 0x0000000000400270 align 2**0	2.17	-	libm.so.6,libc.so.6
bin/openssl	ELF 64-bit LSB pie executable, ARM aarch64, version 1 (SYSV), dynamically linked, interpreter /lib/ld-linux-aarch64.so.1, for GNU/Linux 3.7.0, not stripped	off    0x0000000000000238 vaddr 0x0000000000000238 paddr 0x0000000000000238 align 2**0	2.17	-	libssl.so.3,libcrypto.so.3,libpthread.so.0,libc.so.6,ld-linux-aarch64.so.1
bin/derb	ELF 64-bit LSB pie executable, ARM aarch64, version 1 (SYSV), dynamically linked, interpreter /lib/ld-linux-aarch64.so.1, for GNU/Linux 3.7.0, not stripped	off    0x0000000000000238 vaddr 0x0000000000000238 paddr 0x0000000000000238 align 2**0	2.17	-	libicuio.so.78,libicutu.so.78,libicuuc.so.78,libstdc++.so.6,libgcc_s.so.1,libc.so.6,ld-linux-aarch64.so.1
bin/pkg-config.bin	ELF 64-bit LSB pie executable, ARM aarch64, version 1 (SYSV), dynamically linked, interpreter /lib/ld-linux-aarch64.so.1, for GNU/Linux 3.7.0, with debug_info, not stripped	off    0x0000000000000238 vaddr 0x0000000000000238 paddr 0x0000000000000238 align 2**0	2.17	-	libpthread.so.0,libc.so.6,ld-linux-aarch64.so.1
bin/aarch64-conda-linux-gnu-gcov	ELF 64-bit LSB executable, ARM aarch64, version 1 (GNU/Linux), dynamically linked, interpreter /lib/ld-linux-aarch64.so.1, for GNU/Linux 3.7.0, stripped	off    0x0000000000000270 vaddr 0x0000000000400270 paddr 0x0000000000400270 align 2**0	2.17	-	libm.so.6,libc.so.6
bin/bzip2	ELF 64-bit LSB pie executable, ARM aarch64, version 1 (SYSV), dynamically linked, interpreter /lib/ld-linux-aarch64.so.1, for GNU/Linux 3.7.0, with debug_info, not stripped	off    0x0000000000000238 vaddr 0x0000000000000238 paddr 0x0000000000000238 align 2**0	2.17	-	libc.so.6,ld-linux-aarch64.so.1
libexec/gcc/aarch64-conda-linux-gnu/15.3.0/lto1	ELF 64-bit LSB executable, ARM aarch64, version 1 (GNU/Linux), dynamically linked, interpreter /lib/ld-linux-aarch64.so.1, for GNU/Linux 3.7.0, stripped	off    0x0000000000000270 vaddr 0x0000000000400270 paddr 0x0000000000400270 align 2**0	2.17	-	libdl.so.2,libm.so.6,libc.so.6
libexec/gcc/aarch64-conda-linux-gnu/15.3.0/plugin/gengtype	ELF 64-bit LSB executable, ARM aarch64, version 1 (SYSV), dynamically linked, interpreter /lib/ld-linux-aarch64.so.1, for GNU/Linux 3.7.0, stripped	off    0x0000000000000238 vaddr 0x0000000000400238 paddr 0x0000000000400238 align 2**0	2.17	-	libm.so.6,libc.so.6
libexec/gcc/aarch64-conda-linux-gnu/15.3.0/install-tools/fixincl	ELF 64-bit LSB pie executable, ARM aarch64, version 1 (SYSV), dynamically linked, interpreter /lib/ld-linux-aarch64.so.1, for GNU/Linux 3.7.0, stripped	off    0x0000000000000238 vaddr 0x0000000000000238 paddr 0x0000000000000238 align 2**0	2.17	-	libc.so.6
libexec/gcc/aarch64-conda-linux-gnu/15.3.0/gcc	ELF 64-bit LSB executable, ARM aarch64, version 1 (GNU/Linux), dynamically linked, interpreter /lib/ld-linux-aarch64.so.1, for GNU/Linux 3.7.0, stripped	off    0x0000000000000270 vaddr 0x0000000000400270 paddr 0x0000000000400270 align 2**0	2.17	-	libm.so.6,libc.so.6
libexec/gcc/aarch64-conda-linux-gnu/15.3.0/cc1obj	ELF 64-bit LSB executable, ARM aarch64, version 1 (GNU/Linux), dynamically linked, interpreter /lib/ld-linux-aarch64.so.1, for GNU/Linux 3.7.0, stripped	off    0x0000000000000270 vaddr 0x0000000000400270 paddr 0x0000000000400270 align 2**0	2.17	-	libdl.so.2,libm.so.6,libc.so.6
libexec/gcc/aarch64-conda-linux-gnu/15.3.0/liblto_plugin.so	ELF 64-bit LSB shared object, ARM aarch64, version 1 (SYSV), dynamically linked, with debug_info, not stripped	-	2.17	-	libpthread.so.0,libc.so.6
libexec/gcc/aarch64-conda-linux-gnu/15.3.0/lto-wrapper	ELF 64-bit LSB executable, ARM aarch64, version 1 (GNU/Linux), dynamically linked, interpreter /lib/ld-linux-aarch64.so.1, for GNU/Linux 3.7.0, stripped	off    0x0000000000000270 vaddr 0x0000000000400270 paddr 0x0000000000400270 align 2**0	2.17	-	libm.so.6,libc.so.6
libexec/gcc/aarch64-conda-linux-gnu/15.3.0/cc1objplus	ELF 64-bit LSB executable, ARM aarch64, version 1 (GNU/Linux), dynamically linked, interpreter /lib/ld-linux-aarch64.so.1, for GNU/Linux 3.7.0, stripped	off    0x0000000000000270 vaddr 0x0000000000400270 paddr 0x0000000000400270 align 2**0	2.17	-	libdl.so.2,libm.so.6,libc.so.6
libexec/gcc/aarch64-conda-linux-gnu/15.3.0/cc1plus	ELF 64-bit LSB executable, ARM aarch64, version 1 (GNU/Linux), dynamically linked, interpreter /lib/ld-linux-aarch64.so.1, for GNU/Linux 3.7.0, stripped	off    0x0000000000000270 vaddr 0x0000000000400270 paddr 0x0000000000400270 align 2**0	2.17	-	libdl.so.2,libm.so.6,libc.so.6
libexec/gcc/aarch64-conda-linux-gnu/15.3.0/collect2	ELF 64-bit LSB executable, ARM aarch64, version 1 (GNU/Linux), dynamically linked, interpreter /lib/ld-linux-aarch64.so.1, for GNU/Linux 3.7.0, stripped	off    0x0000000000000270 vaddr 0x0000000000400270 paddr 0x0000000000400270 align 2**0	2.17	-	libm.so.6,libc.so.6
libexec/gcc/aarch64-conda-linux-gnu/15.3.0/cc1	ELF 64-bit LSB executable, ARM aarch64, version 1 (GNU/Linux), dynamically linked, interpreter /lib/ld-linux-aarch64.so.1, for GNU/Linux 3.7.0, stripped	off    0x0000000000000270 vaddr 0x0000000000400270 paddr 0x0000000000400270 align 2**0	2.17	-	libdl.so.2,libm.so.6,libc.so.6
lib/libtinfow.so.6.6	ELF 64-bit LSB shared object, ARM aarch64, version 1 (SYSV), dynamically linked, not stripped	-	2.17	-	libc.so.6,ld-linux-aarch64.so.1
lib/bfd-plugins/libdep.so	ELF 64-bit LSB shared object, ARM aarch64, version 1 (SYSV), dynamically linked, stripped	-	2.17	-	libdl.so.2,libc.so.6,ld-linux-aarch64.so.1
lib/libcrypt.so.2.0.0	ELF 64-bit LSB shared object, ARM aarch64, version 1 (SYSV), dynamically linked, not stripped	-	2.17	-	libc.so.6,ld-linux-aarch64.so.1
lib/libmenu.so.6.6	ELF 64-bit LSB shared object, ARM aarch64, version 1 (SYSV), dynamically linked, not stripped	-	2.17	-	libncurses.so.6,libtinfo.so.6,libc.so.6,ld-linux-aarch64.so.1
lib/libpanel.so.6.6	ELF 64-bit LSB shared object, ARM aarch64, version 1 (SYSV), dynamically linked, not stripped	-	2.17	-	libncurses.so.6,libtinfo.so.6,libc.so.6
lib/libicudata.so.78.3	ELF 64-bit LSB shared object, ARM aarch64, version 1 (SYSV), static-pie linked, not stripped	-	-	-	-
lib/libicuuc.so.78.3	ELF 64-bit LSB shared object, ARM aarch64, version 1 (SYSV), dynamically linked, with debug_info, not stripped	-	2.17	3.4.30	libicudata.so.78,libpthread.so.0,libdl.so.2,libstdc++.so.6,libm.so.6,libgcc_s.so.1,libc.so.6,ld-linux-aarch64.so.1
lib/libmenuw.so.6.6	ELF 64-bit LSB shared object, ARM aarch64, version 1 (SYSV), dynamically linked, not stripped	-	2.17	-	libncursesw.so.6,libtinfow.so.6,libc.so.6,ld-linux-aarch64.so.1
lib/libexpat.so.1.12.1	ELF 64-bit LSB shared object, ARM aarch64, version 1 (SYSV), dynamically linked, not stripped	-	2.17	-	libm.so.6,libc.so.6,ld-linux-aarch64.so.1
lib/sqlite3.40.0/libsqlite3.40.0.so	ELF 64-bit LSB shared object, ARM aarch64, version 1 (SYSV), dynamically linked, with debug_info, not stripped	-	2.17	-	libpthread.so.0,libc.so.6,ld-linux-aarch64.so.1
lib/tdbc1.1.5/libtdbc1.1.5.so	ELF 64-bit LSB shared object, ARM aarch64, version 1 (SYSV), dynamically linked, not stripped	-	2.17	-	libc.so.6,ld-linux-aarch64.so.1
lib/libpython3.so	ELF 64-bit LSB shared object, ARM aarch64, version 1 (SYSV), dynamically linked, not stripped	-	2.17	-	libpython3.11.so.1.0,libpthread.so.0,libc.so.6
lib/tdbcpostgres1.1.5/libtdbcpostgres1.1.5.so	ELF 64-bit LSB shared object, ARM aarch64, version 1 (SYSV), dynamically linked, not stripped	-	2.17	-	libc.so.6,ld-linux-aarch64.so.1
lib/libncurses.so.6.6	ELF 64-bit LSB shared object, ARM aarch64, version 1 (SYSV), dynamically linked, not stripped	-	2.17	-	libtinfo.so.6,libc.so.6,ld-linux-aarch64.so.1
lib/libform.so.6.6	ELF 64-bit LSB shared object, ARM aarch64, version 1 (SYSV), dynamically linked, not stripped	-	2.17	-	libncurses.so.6,libtinfo.so.6,libc.so.6,ld-linux-aarch64.so.1
lib/liblzma.so.5	ELF 64-bit LSB shared object, ARM aarch64, version 1 (SYSV), dynamically linked, not stripped	-	2.17	-	libpthread.so.0,libc.so.6,ld-linux-aarch64.so.1
lib/libicutest.so.78.3	ELF 64-bit LSB shared object, ARM aarch64, version 1 (SYSV), dynamically linked, not stripped	-	2.17	3.4	libicutu.so.78,libicuuc.so.78,libstdc++.so.6,libgcc_s.so.1,libc.so.6,ld-linux-aarch64.so.1
lib/thread2.8.8/libthread2.8.8.so	ELF 64-bit LSB shared object, ARM aarch64, version 1 (SYSV), dynamically linked, not stripped	-	2.17	-	libc.so.6,ld-linux-aarch64.so.1
lib/libicutu.so.78.3	ELF 64-bit LSB shared object, ARM aarch64, version 1 (SYSV), dynamically linked, not stripped	-	2.17	3.4.32	libicui18n.so.78,libicuuc.so.78,libpthread.so.0,libstdc++.so.6,libgcc_s.so.1,libc.so.6,ld-linux-aarch64.so.1
lib/libstdc++.so.6.0.35	ELF 64-bit LSB shared object, ARM aarch64, version 1 (GNU/Linux), dynamically linked, with debug_info, not stripped	-	2.17	-	libm.so.6,libdl.so.2,libc.so.6,libgcc_s.so.1
lib/libpanelw.so.6.6	ELF 64-bit LSB shared object, ARM aarch64, version 1 (SYSV), dynamically linked, not stripped	-	2.17	-	libncursesw.so.6,libtinfow.so.6,libc.so.6
lib/libpython3.11.so.1.0	ELF 64-bit LSB shared object, ARM aarch64, version 1 (SYSV), dynamically linked, not stripped	-	2.17	-	libpthread.so.0,libdl.so.2,libutil.so.1,libm.so.6,libc.so.6,ld-linux-aarch64.so.1
lib/libzstd.so.1.5.7	ELF 64-bit LSB shared object, ARM aarch64, version 1 (SYSV), dynamically linked, not stripped	-	2.17	-	libpthread.so.0,libc.so.6,ld-linux-aarch64.so.1
lib/python3.11/lib-dynload/xxlimited_35.cpython-311-aarch64-linux-gnu.so	ELF 64-bit LSB shared object, ARM aarch64, version 1 (SYSV), dynamically linked, not stripped	-	2.17	-	libc.so.6,ld-linux-aarch64.so.1
lib/python3.11/lib-dynload/unicodedata.cpython-311-aarch64-linux-gnu.so	ELF 64-bit LSB shared object, ARM aarch64, version 1 (SYSV), dynamically linked, not stripped	-	2.17	-	libc.so.6,ld-linux-aarch64.so.1
lib/python3.11/lib-dynload/cmath.cpython-311-aarch64-linux-gnu.so	ELF 64-bit LSB shared object, ARM aarch64, version 1 (SYSV), dynamically linked, not stripped	-	2.17	-	libm.so.6,libpthread.so.0,libc.so.6,ld-linux-aarch64.so.1
lib/python3.11/lib-dynload/termios.cpython-311-aarch64-linux-gnu.so	ELF 64-bit LSB shared object, ARM aarch64, version 1 (SYSV), dynamically linked, not stripped	-	2.17	-	libpthread.so.0,libc.so.6,ld-linux-aarch64.so.1
lib/python3.11/lib-dynload/_hashlib.cpython-311-aarch64-linux-gnu.so	ELF 64-bit LSB shared object, ARM aarch64, version 1 (SYSV), dynamically linked, not stripped	-	2.17	-	libcrypto.so.3,libc.so.6,ld-linux-aarch64.so.1
lib/python3.11/lib-dynload/_sqlite3.cpython-311-aarch64-linux-gnu.so	ELF 64-bit LSB shared object, ARM aarch64, version 1 (SYSV), dynamically linked, not stripped	-	2.17	-	libsqlite3.so.0,libc.so.6,ld-linux-aarch64.so.1
lib/python3.11/lib-dynload/_multiprocessing.cpython-311-aarch64-linux-gnu.so	ELF 64-bit LSB shared object, ARM aarch64, version 1 (SYSV), dynamically linked, not stripped	-	2.17	-	libpthread.so.0,libc.so.6,ld-linux-aarch64.so.1
lib/python3.11/lib-dynload/_sha512.cpython-311-aarch64-linux-gnu.so	ELF 64-bit LSB shared object, ARM aarch64, version 1 (SYSV), dynamically linked, not stripped	-	2.17	-	libc.so.6,ld-linux-aarch64.so.1
lib/python3.11/lib-dynload/_posixshmem.cpython-311-aarch64-linux-gnu.so	ELF 64-bit LSB shared object, ARM aarch64, version 1 (SYSV), dynamically linked, not stripped	-	2.17	-	librt.so.1,libpthread.so.0,libc.so.6,ld-linux-aarch64.so.1
lib/python3.11/lib-dynload/_contextvars.cpython-311-aarch64-linux-gnu.so	ELF 64-bit LSB shared object, ARM aarch64, version 1 (SYSV), static-pie linked, not stripped	-	-	-	-
lib/python3.11/lib-dynload/zlib.cpython-311-aarch64-linux-gnu.so	ELF 64-bit LSB shared object, ARM aarch64, version 1 (SYSV), dynamically linked, not stripped	-	2.17	-	libz.so.1,libpthread.so.0,libc.so.6,ld-linux-aarch64.so.1
lib/python3.11/lib-dynload/_blake2.cpython-311-aarch64-linux-gnu.so	ELF 64-bit LSB shared object, ARM aarch64, version 1 (SYSV), dynamically linked, not stripped	-	2.17	-	libc.so.6,ld-linux-aarch64.so.1
lib/python3.11/lib-dynload/readline.cpython-311-aarch64-linux-gnu.so	ELF 64-bit LSB shared object, ARM aarch64, version 1 (SYSV), dynamically linked, not stripped	-	2.17	-	libreadline.so.8,libpthread.so.0,libc.so.6,ld-linux-aarch64.so.1
lib/python3.11/lib-dynload/ossaudiodev.cpython-311-aarch64-linux-gnu.so	ELF 64-bit LSB shared object, ARM aarch64, version 1 (SYSV), dynamically linked, not stripped	-	2.17	-	libpthread.so.0,libc.so.6,ld-linux-aarch64.so.1
lib/python3.11/lib-dynload/_opcode.cpython-311-aarch64-linux-gnu.so	ELF 64-bit LSB shared object, ARM aarch64, version 1 (SYSV), dynamically linked, not stripped	-	2.17	-	libc.so.6,ld-linux-aarch64.so.1
lib/python3.11/lib-dynload/mmap.cpython-311-aarch64-linux-gnu.so	ELF 64-bit LSB shared object, ARM aarch64, version 1 (SYSV), dynamically linked, not stripped	-	2.17	-	libpthread.so.0,libc.so.6,ld-linux-aarch64.so.1
lib/python3.11/lib-dynload/_xxtestfuzz.cpython-311-aarch64-linux-gnu.so	ELF 64-bit LSB shared object, ARM aarch64, version 1 (SYSV), dynamically linked, not stripped	-	2.17	-	libc.so.6,ld-linux-aarch64.so.1
lib/python3.11/lib-dynload/_heapq.cpython-311-aarch64-linux-gnu.so	ELF 64-bit LSB shared object, ARM aarch64, version 1 (SYSV), static-pie linked, not stripped	-	-	-	-
lib/python3.11/lib-dynload/resource.cpython-311-aarch64-linux-gnu.so	ELF 64-bit LSB shared object, ARM aarch64, version 1 (SYSV), dynamically linked, not stripped	-	2.17	-	libpthread.so.0,libc.so.6,ld-linux-aarch64.so.1
lib/python3.11/lib-dynload/_ssl.cpython-311-aarch64-linux-gnu.so	ELF 64-bit LSB shared object, ARM aarch64, version 1 (SYSV), dynamically linked, not stripped	-	2.17	-	libssl.so.3,libcrypto.so.3,libpthread.so.0,libc.so.6,ld-linux-aarch64.so.1
lib/python3.11/lib-dynload/_zoneinfo.cpython-311-aarch64-linux-gnu.so	ELF 64-bit LSB shared object, ARM aarch64, version 1 (SYSV), dynamically linked, not stripped	-	2.17	-	libc.so.6,ld-linux-aarch64.so.1
lib/python3.11/lib-dynload/_random.cpython-311-aarch64-linux-gnu.so	ELF 64-bit LSB shared object, ARM aarch64, version 1 (SYSV), dynamically linked, not stripped	-	2.17	-	libc.so.6,ld-linux-aarch64.so.1
lib/python3.11/lib-dynload/_json.cpython-311-aarch64-linux-gnu.so	ELF 64-bit LSB shared object, ARM aarch64, version 1 (SYSV), dynamically linked, not stripped	-	2.17	-	libc.so.6,ld-linux-aarch64.so.1
lib/python3.11/lib-dynload/_md5.cpython-311-aarch64-linux-gnu.so	ELF 64-bit LSB shared object, ARM aarch64, version 1 (SYSV), dynamically linked, not stripped	-	2.17	-	libc.so.6,ld-linux-aarch64.so.1
lib/python3.11/lib-dynload/_typing.cpython-311-aarch64-linux-gnu.so	ELF 64-bit LSB shared object, ARM aarch64, version 1 (SYSV), static-pie linked, not stripped	-	-	-	-
lib/python3.11/lib-dynload/_crypt.cpython-311-aarch64-linux-gnu.so	ELF 64-bit LSB shared object, ARM aarch64, version 1 (SYSV), dynamically linked, not stripped	-	2.17	-	libcrypt.so.2,libpthread.so.0,libc.so.6,ld-linux-aarch64.so.1
lib/python3.11/lib-dynload/_queue.cpython-311-aarch64-linux-gnu.so	ELF 64-bit LSB shared object, ARM aarch64, version 1 (SYSV), dynamically linked, not stripped	-	2.17	-	libc.so.6,ld-linux-aarch64.so.1
lib/python3.11/lib-dynload/_codecs_kr.cpython-311-aarch64-linux-gnu.so	ELF 64-bit LSB shared object, ARM aarch64, version 1 (SYSV), dynamically linked, not stripped	-	2.17	-	libc.so.6,ld-linux-aarch64.so.1
lib/python3.11/lib-dynload/_codecs_iso2022.cpython-311-aarch64-linux-gnu.so	ELF 64-bit LSB shared object, ARM aarch64, version 1 (SYSV), dynamically linked, not stripped	-	2.17	-	libc.so.6,ld-linux-aarch64.so.1
lib/python3.11/lib-dynload/_curses_panel.cpython-311-aarch64-linux-gnu.so	ELF 64-bit LSB shared object, ARM aarch64, version 1 (SYSV), dynamically linked, not stripped	-	2.17	-	libpanelw.so.6,libc.so.6,ld-linux-aarch64.so.1
lib/python3.11/lib-dynload/_multibytecodec.cpython-311-aarch64-linux-gnu.so	ELF 64-bit LSB shared object, ARM aarch64, version 1 (SYSV), dynamically linked, not stripped	-	2.17	-	libc.so.6,ld-linux-aarch64.so.1
lib/python3.11/lib-dynload/_ctypes_test.cpython-311-aarch64-linux-gnu.so	ELF 64-bit LSB shared object, ARM aarch64, version 1 (SYSV), dynamically linked, with debug_info, not stripped	-	2.17	-	libm.so.6,libc.so.6,ld-linux-aarch64.so.1
lib/python3.11/lib-dynload/binascii.cpython-311-aarch64-linux-gnu.so	ELF 64-bit LSB shared object, ARM aarch64, version 1 (SYSV), dynamically linked, not stripped	-	2.17	-	libz.so.1,libpthread.so.0,libc.so.6,ld-linux-aarch64.so.1
lib/python3.11/lib-dynload/_testclinic.cpython-311-aarch64-linux-gnu.so	ELF 64-bit LSB shared object, ARM aarch64, version 1 (SYSV), dynamically linked, not stripped	-	2.17	-	libc.so.6,ld-linux-aarch64.so.1
lib/python3.11/lib-dynload/_testinternalcapi.cpython-311-aarch64-linux-gnu.so	ELF 64-bit LSB shared object, ARM aarch64, version 1 (SYSV), dynamically linked, not stripped	-	2.17	-	libc.so.6,ld-linux-aarch64.so.1
lib/python3.11/lib-dynload/_sha1.cpython-311-aarch64-linux-gnu.so	ELF 64-bit LSB shared object, ARM aarch64, version 1 (SYSV), dynamically linked, not stripped	-	2.17	-	libc.so.6,ld-linux-aarch64.so.1
lib/python3.11/lib-dynload/syslog.cpython-311-aarch64-linux-gnu.so	ELF 64-bit LSB shared object, ARM aarch64, version 1 (SYSV), dynamically linked, not stripped	-	2.17	-	libc.so.6,ld-linux-aarch64.so.1
lib/python3.11/lib-dynload/select.cpython-311-aarch64-linux-gnu.so	ELF 64-bit LSB shared object, ARM aarch64, version 1 (SYSV), dynamically linked, not stripped	-	2.17	-	libpthread.so.0,libc.so.6,ld-linux-aarch64.so.1
lib/python3.11/lib-dynload/grp.cpython-311-aarch64-linux-gnu.so	ELF 64-bit LSB shared object, ARM aarch64, version 1 (SYSV), dynamically linked, not stripped	-	2.17	-	libc.so.6,ld-linux-aarch64.so.1
lib/python3.11/lib-dynload/_pickle.cpython-311-aarch64-linux-gnu.so	ELF 64-bit LSB shared object, ARM aarch64, version 1 (SYSV), dynamically linked, not stripped	-	2.17	-	libpthread.so.0,libc.so.6,ld-linux-aarch64.so.1
lib/python3.11/lib-dynload/_sha256.cpython-311-aarch64-linux-gnu.so	ELF 64-bit LSB shared object, ARM aarch64, version 1 (SYSV), dynamically linked, not stripped	-	2.17	-	libc.so.6,ld-linux-aarch64.so.1
lib/python3.11/lib-dynload/_elementtree.cpython-311-aarch64-linux-gnu.so	ELF 64-bit LSB shared object, ARM aarch64, version 1 (SYSV), dynamically linked, not stripped	-	2.17	-	libc.so.6,ld-linux-aarch64.so.1
lib/python3.11/lib-dynload/pyexpat.cpython-311-aarch64-linux-gnu.so	ELF 64-bit LSB shared object, ARM aarch64, version 1 (SYSV), dynamically linked, not stripped	-	2.17	-	libexpat.so.1,libpthread.so.0,libc.so.6,ld-linux-aarch64.so.1
lib/python3.11/lib-dynload/_posixsubprocess.cpython-311-aarch64-linux-gnu.so	ELF 64-bit LSB shared object, ARM aarch64, version 1 (SYSV), dynamically linked, not stripped	-	2.17	-	libpthread.so.0,libc.so.6,ld-linux-aarch64.so.1
lib/python3.11/lib-dynload/_codecs_cn.cpython-311-aarch64-linux-gnu.so	ELF 64-bit LSB shared object, ARM aarch64, version 1 (SYSV), dynamically linked, not stripped	-	2.17	-	libc.so.6,ld-linux-aarch64.so.1
lib/python3.11/lib-dynload/_datetime.cpython-311-aarch64-linux-gnu.so	ELF 64-bit LSB shared object, ARM aarch64, version 1 (SYSV), dynamically linked, not stripped	-	2.17	-	libm.so.6,libc.so.6,ld-linux-aarch64.so.1
lib/python3.11/lib-dynload/math.cpython-311-aarch64-linux-gnu.so	ELF 64-bit LSB shared object, ARM aarch64, version 1 (SYSV), dynamically linked, not stripped	-	2.17	-	libm.so.6,libpthread.so.0,libc.so.6,ld-linux-aarch64.so.1
lib/python3.11/lib-dynload/_testbuffer.cpython-311-aarch64-linux-gnu.so	ELF 64-bit LSB shared object, ARM aarch64, version 1 (SYSV), dynamically linked, not stripped	-	2.17	-	libc.so.6,ld-linux-aarch64.so.1
lib/python3.11/lib-dynload/_sha3.cpython-311-aarch64-linux-gnu.so	ELF 64-bit LSB shared object, ARM aarch64, version 1 (SYSV), dynamically linked, not stripped	-	2.17	-	libc.so.6,ld-linux-aarch64.so.1
lib/python3.11/lib-dynload/nis.cpython-311-aarch64-linux-gnu.so	ELF 64-bit LSB shared object, ARM aarch64, version 1 (SYSV), dynamically linked, not stripped	-	2.17	-	libnsl.so.3,libpthread.so.0,libc.so.6,ld-linux-aarch64.so.1
lib/python3.11/lib-dynload/_statistics.cpython-311-aarch64-linux-gnu.so	ELF 64-bit LSB shared object, ARM aarch64, version 1 (SYSV), dynamically linked, not stripped	-	2.17	-	libm.so.6
lib/python3.11/lib-dynload/_socket.cpython-311-aarch64-linux-gnu.so	ELF 64-bit LSB shared object, ARM aarch64, version 1 (SYSV), dynamically linked, not stripped	-	2.17	-	libpthread.so.0,libc.so.6,ld-linux-aarch64.so.1
lib/python3.11/lib-dynload/_bisect.cpython-311-aarch64-linux-gnu.so	ELF 64-bit LSB shared object, ARM aarch64, version 1 (SYSV), dynamically linked, not stripped	-	2.17	-	libc.so.6,ld-linux-aarch64.so.1
lib/python3.11/lib-dynload/spwd.cpython-311-aarch64-linux-gnu.so	ELF 64-bit LSB shared object, ARM aarch64, version 1 (SYSV), dynamically linked, not stripped	-	2.17	-	libpthread.so.0,libc.so.6,ld-linux-aarch64.so.1
lib/python3.11/lib-dynload/_curses.cpython-311-aarch64-linux-gnu.so	ELF 64-bit LSB shared object, ARM aarch64, version 1 (SYSV), dynamically linked, not stripped	-	2.17	-	libncursesw.so.6,libtinfow.so.6,libpthread.so.0,libc.so.6,ld-linux-aarch64.so.1
lib/python3.11/lib-dynload/audioop.cpython-311-aarch64-linux-gnu.so	ELF 64-bit LSB shared object, ARM aarch64, version 1 (SYSV), dynamically linked, not stripped	-	2.17	-	libm.so.6,libc.so.6,ld-linux-aarch64.so.1
lib/python3.11/lib-dynload/_xxsubinterpreters.cpython-311-aarch64-linux-gnu.so	ELF 64-bit LSB shared object, ARM aarch64, version 1 (SYSV), dynamically linked, not stripped	-	2.17	-	libc.so.6,ld-linux-aarch64.so.1
lib/python3.11/lib-dynload/_codecs_jp.cpython-311-aarch64-linux-gnu.so	ELF 64-bit LSB shared object, ARM aarch64, version 1 (SYSV), dynamically linked, not stripped	-	2.17	-	libc.so.6,ld-linux-aarch64.so.1
lib/python3.11/lib-dynload/_uuid.cpython-311-aarch64-linux-gnu.so	ELF 64-bit LSB shared object, ARM aarch64, version 1 (SYSV), dynamically linked, not stripped	-	2.17	-	libuuid.so.1,libc.so.6,ld-linux-aarch64.so.1
lib/python3.11/lib-dynload/array.cpython-311-aarch64-linux-gnu.so	ELF 64-bit LSB shared object, ARM aarch64, version 1 (SYSV), dynamically linked, not stripped	-	2.17	-	libc.so.6,ld-linux-aarch64.so.1
lib/python3.11/lib-dynload/fcntl.cpython-311-aarch64-linux-gnu.so	ELF 64-bit LSB shared object, ARM aarch64, version 1 (SYSV), dynamically linked, not stripped	-	2.17	-	libpthread.so.0,libc.so.6,ld-linux-aarch64.so.1
lib/python3.11/lib-dynload/_struct.cpython-311-aarch64-linux-gnu.so	ELF 64-bit LSB shared object, ARM aarch64, version 1 (SYSV), dynamically linked, not stripped	-	2.17	-	libc.so.6,ld-linux-aarch64.so.1
lib/python3.11/lib-dynload/_testcapi.cpython-311-aarch64-linux-gnu.so	ELF 64-bit LSB shared object, ARM aarch64, version 1 (SYSV), dynamically linked, not stripped	-	2.17	-	libpthread.so.0,libc.so.6,ld-linux-aarch64.so.1
lib/python3.11/lib-dynload/_codecs_hk.cpython-311-aarch64-linux-gnu.so	ELF 64-bit LSB shared object, ARM aarch64, version 1 (SYSV), dynamically linked, not stripped	-	2.17	-	libc.so.6,ld-linux-aarch64.so.1
lib/python3.11/lib-dynload/_ctypes.cpython-311-aarch64-linux-gnu.so	ELF 64-bit LSB shared object, ARM aarch64, version 1 (SYSV), dynamically linked, with debug_info, not stripped	-	2.17	-	libffi.so.8,libdl.so.2,libpthread.so.0,libc.so.6,ld-linux-aarch64.so.1
lib/python3.11/lib-dynload/_bz2.cpython-311-aarch64-linux-gnu.so	ELF 64-bit LSB shared object, ARM aarch64, version 1 (SYSV), dynamically linked, not stripped	-	2.17	-	libbz2.so.1.0,libc.so.6,ld-linux-aarch64.so.1
lib/python3.11/lib-dynload/_asyncio.cpython-311-aarch64-linux-gnu.so	ELF 64-bit LSB shared object, ARM aarch64, version 1 (SYSV), dynamically linked, not stripped	-	2.17	-	libc.so.6,ld-linux-aarch64.so.1
lib/python3.11/lib-dynload/_testmultiphase.cpython-311-aarch64-linux-gnu.so	ELF 64-bit LSB shared object, ARM aarch64, version 1 (SYSV), dynamically linked, not stripped	-	2.17	-	libc.so.6,ld-linux-aarch64.so.1
lib/python3.11/lib-dynload/xxlimited.cpython-311-aarch64-linux-gnu.so	ELF 64-bit LSB shared object, ARM aarch64, version 1 (SYSV), dynamically linked, not stripped	-	2.17	-	libc.so.6,ld-linux-aarch64.so.1
lib/python3.11/lib-dynload/_tkinter.cpython-311-aarch64-linux-gnu.so	ELF 64-bit LSB shared object, ARM aarch64, version 1 (SYSV), dynamically linked, not stripped	-	2.17	-	libtk8.6.so,libtcl8.6.so,libc.so.6,ld-linux-aarch64.so.1
lib/python3.11/lib-dynload/_csv.cpython-311-aarch64-linux-gnu.so	ELF 64-bit LSB shared object, ARM aarch64, version 1 (SYSV), dynamically linked, not stripped	-	2.17	-	libc.so.6,ld-linux-aarch64.so.1
lib/python3.11/lib-dynload/_lzma.cpython-311-aarch64-linux-gnu.so	ELF 64-bit LSB shared object, ARM aarch64, version 1 (SYSV), dynamically linked, not stripped	-	2.17	-	liblzma.so.5,libc.so.6,ld-linux-aarch64.so.1
lib/python3.11/lib-dynload/_testimportmultiple.cpython-311-aarch64-linux-gnu.so	ELF 64-bit LSB shared object, ARM aarch64, version 1 (SYSV), static-pie linked, not stripped	-	-	-	-
lib/python3.11/lib-dynload/_lsprof.cpython-311-aarch64-linux-gnu.so	ELF 64-bit LSB shared object, ARM aarch64, version 1 (SYSV), dynamically linked, not stripped	-	2.17	-	libc.so.6,ld-linux-aarch64.so.1
lib/python3.11/lib-dynload/_decimal.cpython-311-aarch64-linux-gnu.so	ELF 64-bit LSB shared object, ARM aarch64, version 1 (SYSV), dynamically linked, with debug_info, not stripped	-	2.17	-	libm.so.6,libpthread.so.0,libc.so.6,ld-linux-aarch64.so.1
lib/python3.11/lib-dynload/_codecs_tw.cpython-311-aarch64-linux-gnu.so	ELF 64-bit LSB shared object, ARM aarch64, version 1 (SYSV), dynamically linked, not stripped	-	2.17	-	libc.so.6,ld-linux-aarch64.so.1
lib/python3.11/config-3.11-aarch64-linux-gnu/python.o	ELF 64-bit LSB relocatable, ARM aarch64, version 1 (SYSV), not stripped	-	-	-	-
lib/gcc/aarch64-conda-linux-gnu/15.3.0/libtsan_preinit.o	ELF 64-bit LSB relocatable, ARM aarch64, version 1 (SYSV), with debug_info, not stripped	-	-	-	-
lib/gcc/aarch64-conda-linux-gnu/15.3.0/crtbeginS.o	ELF 64-bit LSB relocatable, ARM aarch64, version 1 (SYSV), not stripped	-	-	-	-
lib/gcc/aarch64-conda-linux-gnu/15.3.0/liblsan_preinit.o	ELF 64-bit LSB relocatable, ARM aarch64, version 1 (SYSV), with debug_info, not stripped	-	-	-	-
lib/gcc/aarch64-conda-linux-gnu/15.3.0/libasan_preinit.o	ELF 64-bit LSB relocatable, ARM aarch64, version 1 (SYSV), with debug_info, not stripped	-	-	-	-
lib/gcc/aarch64-conda-linux-gnu/15.3.0/libhwasan_preinit.o	ELF 64-bit LSB relocatable, ARM aarch64, version 1 (SYSV), with debug_info, not stripped	-	-	-	-
lib/gcc/aarch64-conda-linux-gnu/15.3.0/libstdc++.so.6.0.34	ELF 64-bit LSB shared object, ARM aarch64, version 1 (GNU/Linux), dynamically linked, with debug_info, not stripped	-	2.17	-	libm.so.6,libdl.so.2,libc.so.6,libgcc_s.so.1
lib/gcc/aarch64-conda-linux-gnu/15.3.0/crtend.o	ELF 64-bit LSB relocatable, ARM aarch64, version 1 (SYSV), not stripped	-	-	-	-
lib/gcc/aarch64-conda-linux-gnu/15.3.0/plugin/libcp1plugin.so.0.0.0	ELF 64-bit LSB shared object, ARM aarch64, version 1 (SYSV), dynamically linked, with debug_info, not stripped	-	2.17	3.4	libstdc++.so.6,libm.so.6,libc.so.6,libgcc_s.so.1
lib/gcc/aarch64-conda-linux-gnu/15.3.0/plugin/libcc1plugin.so.0.0.0	ELF 64-bit LSB shared object, ARM aarch64, version 1 (SYSV), dynamically linked, with debug_info, not stripped	-	2.17	3.4	libstdc++.so.6,libm.so.6,libc.so.6,libgcc_s.so.1
lib/gcc/aarch64-conda-linux-gnu/15.3.0/crtbeginT.o	ELF 64-bit LSB relocatable, ARM aarch64, version 1 (SYSV), not stripped	-	-	-	-
lib/gcc/aarch64-conda-linux-gnu/15.3.0/libgcc_s.so.1	ELF 64-bit LSB shared object, ARM aarch64, version 1 (SYSV), dynamically linked, with debug_info, not stripped	-	2.17	-	libc.so.6
lib/gcc/aarch64-conda-linux-gnu/15.3.0/crtbegin.o	ELF 64-bit LSB relocatable, ARM aarch64, version 1 (SYSV), not stripped	-	-	-	-
lib/gcc/aarch64-conda-linux-gnu/15.3.0/crtfastmath.o	ELF 64-bit LSB relocatable, ARM aarch64, version 1 (SYSV), with debug_info, not stripped	-	-	-	-
lib/gcc/aarch64-conda-linux-gnu/15.3.0/crtendS.o	ELF 64-bit LSB relocatable, ARM aarch64, version 1 (SYSV), not stripped	-	-	-	-
lib/libtsan.so.2.0.0	ELF 64-bit LSB shared object, ARM aarch64, version 1 (SYSV), dynamically linked, with debug_info, not stripped	-	2.17	-	librt.so.1,libpthread.so.0,libstdc++.so.6,libm.so.6,libdl.so.2,libc.so.6,libgcc_s.so.1
lib/libgcc_s.so.1	ELF 64-bit LSB shared object, ARM aarch64, version 1 (SYSV), dynamically linked, with debug_info, not stripped	-	2.17	-	libc.so.6
lib/libicuio.so.78.3	ELF 64-bit LSB shared object, ARM aarch64, version 1 (SYSV), dynamically linked, not stripped	-	2.17	3.4.32	libicuuc.so.78,libicui18n.so.78,libstdc++.so.6,libgcc_s.so.1,libc.so.6,ld-linux-aarch64.so.1
lib/libsqlite3.so.3.53.4	ELF 64-bit LSB shared object, ARM aarch64, version 1 (SYSV), dynamically linked, not stripped	-	2.17	-	libpthread.so.0,libm.so.6,libdl.so.2,libc.so.6,ld-linux-aarch64.so.1
lib/libgomp.so.1.0.0	ELF 64-bit LSB shared object, ARM aarch64, version 1 (SYSV), dynamically linked, with debug_info, not stripped	-	2.17	-	libdl.so.2,libpthread.so.0,libc.so.6
lib/libhwasan.so.0.0.0	ELF 64-bit LSB shared object, ARM aarch64, version 1 (SYSV), dynamically linked, with debug_info, not stripped	-	2.17	-	librt.so.1,libpthread.so.0,libstdc++.so.6,libm.so.6,libdl.so.2,libc.so.6,libgcc_s.so.1
lib/liblsan.so.0.0.0	ELF 64-bit LSB shared object, ARM aarch64, version 1 (SYSV), dynamically linked, with debug_info, not stripped	-	2.17	-	librt.so.1,libpthread.so.0,libstdc++.so.6,libm.so.6,libdl.so.2,libc.so.6,libgcc_s.so.1
lib/libuv.so.1.0.0	ELF 64-bit LSB shared object, ARM aarch64, version 1 (SYSV), dynamically linked, with debug_info, not stripped	-	2.17	-	libdl.so.2,libpthread.so.0,libc.so.6,ld-linux-aarch64.so.1
lib/libtinfo.so.6.6	ELF 64-bit LSB shared object, ARM aarch64, version 1 (SYSV), dynamically linked, not stripped	-	2.17	-	libc.so.6,ld-linux-aarch64.so.1
lib/tdbcmysql1.1.5/libtdbcmysql1.1.5.so	ELF 64-bit LSB shared object, ARM aarch64, version 1 (SYSV), dynamically linked, not stripped	-	2.17	-	libc.so.6,ld-linux-aarch64.so.1
lib/libssl.so.3	ELF 64-bit LSB shared object, ARM aarch64, version 1 (SYSV), dynamically linked, with debug_info, not stripped	-	2.17	-	libcrypto.so.3,libpthread.so.0,libc.so.6,ld-linux-aarch64.so.1
lib/libcrypto.so.3	ELF 64-bit LSB shared object, ARM aarch64, version 1 (SYSV), dynamically linked, with debug_info, not stripped	-	2.17	-	libdl.so.2,libpthread.so.0,libc.so.6,ld-linux-aarch64.so.1
lib/libreadline.so.8.3	ELF 64-bit LSB shared object, ARM aarch64, version 1 (SYSV), dynamically linked, not stripped	-	2.17	-	libtinfo.so.6,libc.so.6,ld-linux-aarch64.so.1
lib/libhistory.so.8.3	ELF 64-bit LSB shared object, ARM aarch64, version 1 (SYSV), dynamically linked, not stripped	-	2.17	-	libc.so.6,ld-linux-aarch64.so.1
lib/libicui18n.so.78.3	ELF 64-bit LSB shared object, ARM aarch64, version 1 (SYSV), dynamically linked, with debug_info, not stripped	-	2.17	3.4	libicuuc.so.78,libstdc++.so.6,libm.so.6,libgcc_s.so.1,libc.so.6,ld-linux-aarch64.so.1
lib/liblzma.so.5.8.3	ELF 64-bit LSB shared object, ARM aarch64, version 1 (SYSV), dynamically linked, not stripped	-	2.17	-	libpthread.so.0,libc.so.6,ld-linux-aarch64.so.1
lib/libuuid.so.1.3.0	ELF 64-bit LSB shared object, ARM aarch64, version 1 (SYSV), dynamically linked, not stripped	-	2.17	-	libpthread.so.0,libc.so.6,ld-linux-aarch64.so.1
lib/libcc1.so.0.0.0	ELF 64-bit LSB shared object, ARM aarch64, version 1 (SYSV), dynamically linked, with debug_info, not stripped	-	2.17	3.4.31	libstdc++.so.6,libm.so.6,libc.so.6,libgcc_s.so.1
lib/itcl4.2.3/libitcl4.2.3.so	ELF 64-bit LSB shared object, ARM aarch64, version 1 (SYSV), dynamically linked, not stripped	-	2.17	-	libc.so.6,ld-linux-aarch64.so.1
lib/libtcl8.6.so	ELF 64-bit LSB shared object, ARM aarch64, version 1 (SYSV), dynamically linked, not stripped	-	2.17	-	libdl.so.2,libz.so.1,libpthread.so.0,libm.so.6,libc.so.6,ld-linux-aarch64.so.1
lib/libffi.so.8.4.0	ELF 64-bit LSB shared object, ARM aarch64, version 1 (SYSV), dynamically linked, with debug_info, not stripped	-	2.17	-	libc.so.6,ld-linux-aarch64.so.1
lib/libtk8.6.so	ELF 64-bit LSB shared object, ARM aarch64, version 1 (SYSV), dynamically linked, not stripped	-	2.17	-	libX11.so.6,libm.so.6,libc.so.6,ld-linux-aarch64.so.1
lib/libubsan.so.1.0.0	ELF 64-bit LSB shared object, ARM aarch64, version 1 (SYSV), dynamically linked, with debug_info, not stripped	-	2.17	3.4	librt.so.1,libpthread.so.0,libstdc++.so.6,libm.so.6,libdl.so.2,libc.so.6,libgcc_s.so.1
lib/libz.so.1.3.2	ELF 64-bit LSB shared object, ARM aarch64, version 1 (SYSV), dynamically linked, not stripped	-	2.17	-	libc.so.6,ld-linux-aarch64.so.1
lib/libasan.so.8.0.0	ELF 64-bit LSB shared object, ARM aarch64, version 1 (SYSV), dynamically linked, with debug_info, not stripped	-	2.17	-	librt.so.1,libpthread.so.0,libstdc++.so.6,libm.so.6,libdl.so.2,libc.so.6,libgcc_s.so.1
lib/libncursesw.so.6.6	ELF 64-bit LSB shared object, ARM aarch64, version 1 (SYSV), dynamically linked, not stripped	-	2.17	-	libtinfow.so.6,libc.so.6,ld-linux-aarch64.so.1
lib/tdbcodbc1.1.5/libtdbcodbc1.1.5.so	ELF 64-bit LSB shared object, ARM aarch64, version 1 (SYSV), dynamically linked, not stripped	-	2.17	-	libc.so.6,ld-linux-aarch64.so.1
lib/libbz2.so.1.0.8	ELF 64-bit LSB shared object, ARM aarch64, version 1 (SYSV), dynamically linked, with debug_info, not stripped	-	2.17	-	libc.so.6,ld-linux-aarch64.so.1
lib/libatomic.so.1.2.0	ELF 64-bit LSB shared object, ARM aarch64, version 1 (GNU/Linux), dynamically linked, with debug_info, not stripped	-	2.17	-	libpthread.so.0,libc.so.6
lib/libnsl.so.3.0.0	ELF 64-bit LSB shared object, ARM aarch64, version 1 (SYSV), dynamically linked, not stripped	-	2.17	-	libc.so.6,ld-linux-aarch64.so.1
lib/libformw.so.6.6	ELF 64-bit LSB shared object, ARM aarch64, version 1 (SYSV), dynamically linked, not stripped	-	2.17	-	libncursesw.so.6,libtinfow.so.6,libc.so.6,ld-linux-aarch64.so.1
lib/libnode.so.127	ELF 64-bit LSB shared object, ARM aarch64, version 1 (GNU/Linux), dynamically linked, with debug_info, not stripped, too many notes (256)	-	2.28	3.4.32	libz.so.1,libuv.so.1,libcrypto.so.3,libssl.so.3,libicui18n.so.78,libicuuc.so.78,libdl.so.2,libstdc++.so.6,libm.so.6,libgcc_s.so.1,libpthread.so.0,libc.so.6,ld-linux-aarch64.so.1
lib/libitm.so.1.0.0	ELF 64-bit LSB shared object, ARM aarch64, version 1 (SYSV), dynamically linked, with debug_info, not stripped	-	2.17	-	libpthread.so.0,libc.so.6
aarch64-conda-linux-gnu/sysroot/usr/lib64/Scrt1.o	ELF 64-bit LSB relocatable, ARM aarch64, version 1 (SYSV), for GNU/Linux 3.7.0, not stripped	-	-	-	-
aarch64-conda-linux-gnu/sysroot/usr/lib64/libmcheck.a	ELF 64-bit LSB relocatable, ARM aarch64, version 1 (SYSV), with debug_info, not stripped	-	-	-	-
aarch64-conda-linux-gnu/sysroot/usr/lib64/crt1.o	ELF 64-bit LSB relocatable, ARM aarch64, version 1 (SYSV), for GNU/Linux 3.7.0, not stripped	-	-	-	-
aarch64-conda-linux-gnu/sysroot/usr/lib64/libmemusage.so	ELF 64-bit LSB shared object, ARM aarch64, version 1 (SYSV), dynamically linked, BuildID[sha1]=a1d45cca915e52d2fa0e5f23d1a40151adba8a8b, for GNU/Linux 3.7.0, stripped	-	2.17	-	libdl.so.2,libc.so.6,ld-linux-aarch64.so.1
aarch64-conda-linux-gnu/sysroot/usr/lib64/Mcrt1.o	ELF 64-bit LSB relocatable, ARM aarch64, version 1 (SYSV), not stripped	-	-	-	-
aarch64-conda-linux-gnu/sysroot/usr/lib64/audit/sotruss-lib.so	ELF 64-bit LSB shared object, ARM aarch64, version 1 (SYSV), dynamically linked, BuildID[sha1]=7b7f3c68efa6ccf01fe4a305d154f8893b2dd0d7, for GNU/Linux 3.7.0, stripped	-	2.17	-	libc.so.6,ld-linux-aarch64.so.1
aarch64-conda-linux-gnu/sysroot/usr/lib64/crti.o	ELF 64-bit LSB relocatable, ARM aarch64, version 1 (SYSV), not stripped	-	-	-	-
aarch64-conda-linux-gnu/sysroot/usr/lib64/gcrt1.o	ELF 64-bit LSB relocatable, ARM aarch64, version 1 (SYSV), for GNU/Linux 3.7.0, not stripped	-	-	-	-
aarch64-conda-linux-gnu/sysroot/usr/lib64/crtn.o	ELF 64-bit LSB relocatable, ARM aarch64, version 1 (SYSV), not stripped	-	-	-	-
aarch64-conda-linux-gnu/sysroot/usr/lib64/gconv/UTF-16.so	ELF 64-bit LSB shared object, ARM aarch64, version 1 (SYSV), dynamically linked, BuildID[sha1]=a802eaca07165f2c746fe451f05956d7e7760acf, for GNU/Linux 3.7.0, stripped	-	2.17	-	libc.so.6,ld-linux-aarch64.so.1
aarch64-conda-linux-gnu/sysroot/usr/lib64/gconv/KOI8-T.so	ELF 64-bit LSB shared object, ARM aarch64, version 1 (SYSV), dynamically linked, BuildID[sha1]=e86761dd9fe7b4be3eba488e783507d3c1511416, for GNU/Linux 3.7.0, stripped	-	2.17	-	libc.so.6,ld-linux-aarch64.so.1
aarch64-conda-linux-gnu/sysroot/usr/lib64/gconv/CP772.so	ELF 64-bit LSB shared object, ARM aarch64, version 1 (SYSV), dynamically linked, BuildID[sha1]=8a4b5592374bb0b6a4bd32fe184baa8184276f8f, for GNU/Linux 3.7.0, stripped	-	2.17	-	libc.so.6,ld-linux-aarch64.so.1
aarch64-conda-linux-gnu/sysroot/usr/lib64/gconv/ISO_11548-1.so	ELF 64-bit LSB shared object, ARM aarch64, version 1 (SYSV), dynamically linked, BuildID[sha1]=bc7a4e734478bcf129a2817e18c1e1ed7d4e3adb, for GNU/Linux 3.7.0, stripped	-	2.17	-	libc.so.6,ld-linux-aarch64.so.1
aarch64-conda-linux-gnu/sysroot/usr/lib64/gconv/MACINTOSH.so	ELF 64-bit LSB shared object, ARM aarch64, version 1 (SYSV), dynamically linked, BuildID[sha1]=812be5c5f7ec038943d776d6c65f6e4e610ac31f, for GNU/Linux 3.7.0, stripped	-	2.17	-	libc.so.6,ld-linux-aarch64.so.1
aarch64-conda-linux-gnu/sysroot/usr/lib64/gconv/IBM866NAV.so	ELF 64-bit LSB shared object, ARM aarch64, version 1 (SYSV), dynamically linked, BuildID[sha1]=f48a47bd34bf1f4e560538f5e0971678a1da5a3b, for GNU/Linux 3.7.0, stripped	-	2.17	-	libc.so.6,ld-linux-aarch64.so.1
aarch64-conda-linux-gnu/sysroot/usr/lib64/gconv/ISO8859-5.so	ELF 64-bit LSB shared object, ARM aarch64, version 1 (SYSV), dynamically linked, BuildID[sha1]=2786922bf42940e2483e3824a36191fcc89d2d59, for GNU/Linux 3.7.0, stripped	-	2.17	-	libc.so.6,ld-linux-aarch64.so.1
aarch64-conda-linux-gnu/sysroot/usr/lib64/gconv/ISO_5427.so	ELF 64-bit LSB shared object, ARM aarch64, version 1 (SYSV), dynamically linked, BuildID[sha1]=6d1ad7d0f89d6fc4fd4d6988c2a2221c255b455e, for GNU/Linux 3.7.0, stripped	-	2.17	-	libc.so.6,ld-linux-aarch64.so.1
aarch64-conda-linux-gnu/sysroot/usr/lib64/gconv/UTF-32.so	ELF 64-bit LSB shared object, ARM aarch64, version 1 (SYSV), dynamically linked, BuildID[sha1]=825608839d5c835be1c773d22c03a81411cd7410, for GNU/Linux 3.7.0, stripped	-	2.17	-	libc.so.6,ld-linux-aarch64.so.1
aarch64-conda-linux-gnu/sysroot/usr/lib64/gconv/IBM037.so	ELF 64-bit LSB shared object, ARM aarch64, version 1 (SYSV), dynamically linked, BuildID[sha1]=65b993e65948724071dca264596a1a1b6d64a992, for GNU/Linux 3.7.0, stripped	-	2.17	-	libc.so.6,ld-linux-aarch64.so.1
aarch64-conda-linux-gnu/sysroot/usr/lib64/gconv/ASMO_449.so	ELF 64-bit LSB shared object, ARM aarch64, version 1 (SYSV), dynamically linked, BuildID[sha1]=68ba8a498a5b75610f39f72f313f9a25d334a2cf, for GNU/Linux 3.7.0, stripped	-	2.17	-	libc.so.6,ld-linux-aarch64.so.1
aarch64-conda-linux-gnu/sysroot/usr/lib64/gconv/ANSI_X3.110.so	ELF 64-bit LSB shared object, ARM aarch64, version 1 (SYSV), dynamically linked, BuildID[sha1]=0ecaf0148ee75e0f6fe90803a62a2000bf457ffe, for GNU/Linux 3.7.0, stripped	-	2.17	-	libc.so.6,ld-linux-aarch64.so.1
aarch64-conda-linux-gnu/sysroot/usr/lib64/gconv/ISO8859-16.so	ELF 64-bit LSB shared object, ARM aarch64, version 1 (SYSV), dynamically linked, BuildID[sha1]=2dab9f30ccee2e3c5f2f7d60fdbb6bdb90d3ef0c, for GNU/Linux 3.7.0, stripped	-	2.17	-	libc.so.6,ld-linux-aarch64.so.1
aarch64-conda-linux-gnu/sysroot/usr/lib64/gconv/HP-GREEK8.so	ELF 64-bit LSB shared object, ARM aarch64, version 1 (SYSV), dynamically linked, BuildID[sha1]=f47d100af509041f9d5de54d124fddc95096d873, for GNU/Linux 3.7.0, stripped	-	2.17	-	libc.so.6,ld-linux-aarch64.so.1
aarch64-conda-linux-gnu/sysroot/usr/lib64/gconv/IBM297.so	ELF 64-bit LSB shared object, ARM aarch64, version 1 (SYSV), dynamically linked, BuildID[sha1]=bb32be498caedace8ca920d6cee336b2a2b74fce, for GNU/Linux 3.7.0, stripped	-	2.17	-	libc.so.6,ld-linux-aarch64.so.1
aarch64-conda-linux-gnu/sysroot/usr/lib64/gconv/GREEK7.so	ELF 64-bit LSB shared object, ARM aarch64, version 1 (SYSV), dynamically linked, BuildID[sha1]=5830192326e3eea5083a7a05326d4b3646ebe908, for GNU/Linux 3.7.0, stripped	-	2.17	-	libc.so.6,ld-linux-aarch64.so.1
aarch64-conda-linux-gnu/sysroot/usr/lib64/gconv/KOI8-RU.so	ELF 64-bit LSB shared object, ARM aarch64, version 1 (SYSV), dynamically linked, BuildID[sha1]=c388dbb446fdba615cc6e5b3a924bad70e9be973, for GNU/Linux 3.7.0, stripped	-	2.17	-	libc.so.6,ld-linux-aarch64.so.1
aarch64-conda-linux-gnu/sysroot/usr/lib64/gconv/ISO-2022-JP.so	ELF 64-bit LSB shared object, ARM aarch64, version 1 (SYSV), dynamically linked, BuildID[sha1]=563e8e7bf48f6e114ba07674bab29d29888db607, for GNU/Linux 3.7.0, stripped	-	2.17	-	libJIS.so,libGB.so,libKSC.so,libc.so.6,ld-linux-aarch64.so.1
aarch64-conda-linux-gnu/sysroot/usr/lib64/gconv/ISO-IR-209.so	ELF 64-bit LSB shared object, ARM aarch64, version 1 (SYSV), dynamically linked, BuildID[sha1]=7d502243ac8db20b5be3c02c3ac9a63d635d2b1f, for GNU/Linux 3.7.0, stripped	-	2.17	-	libc.so.6,ld-linux-aarch64.so.1
aarch64-conda-linux-gnu/sysroot/usr/lib64/gconv/ISO-2022-CN.so	ELF 64-bit LSB shared object, ARM aarch64, version 1 (SYSV), dynamically linked, BuildID[sha1]=e65e06c610004a84dce0723a329ce89d471b1b8c, for GNU/Linux 3.7.0, stripped	-	2.17	-	libGB.so,libCNS.so,libc.so.6,ld-linux-aarch64.so.1
aarch64-conda-linux-gnu/sysroot/usr/lib64/gconv/EBCDIC-PT.so	ELF 64-bit LSB shared object, ARM aarch64, version 1 (SYSV), dynamically linked, BuildID[sha1]=a3b0eef269a410786ad6e4faa3229d536698ca79, for GNU/Linux 3.7.0, stripped	-	2.17	-	libc.so.6,ld-linux-aarch64.so.1
aarch64-conda-linux-gnu/sysroot/usr/lib64/gconv/ISO8859-1.so	ELF 64-bit LSB shared object, ARM aarch64, version 1 (SYSV), dynamically linked, BuildID[sha1]=e0c70d204b2fae60e734f1f1d4463be7bfcc1611, for GNU/Linux 3.7.0, stripped	-	2.17	-	libc.so.6,ld-linux-aarch64.so.1
aarch64-conda-linux-gnu/sysroot/usr/lib64/gconv/BIG5.so	ELF 64-bit LSB shared object, ARM aarch64, version 1 (SYSV), dynamically linked, BuildID[sha1]=e52f84aca556d9de26e27f80f587381e0190e17e, for GNU/Linux 3.7.0, stripped	-	2.17	-	libc.so.6,ld-linux-aarch64.so.1
aarch64-conda-linux-gnu/sysroot/usr/lib64/gconv/IBM274.so	ELF 64-bit LSB shared object, ARM aarch64, version 1 (SYSV), dynamically linked, BuildID[sha1]=1f33d3ff9035d6d407b06714a93cffd2978af49b, for GNU/Linux 3.7.0, stripped	-	2.17	-	libc.so.6,ld-linux-aarch64.so.1
aarch64-conda-linux-gnu/sysroot/usr/lib64/gconv/DEC-MCS.so	ELF 64-bit LSB shared object, ARM aarch64, version 1 (SYSV), dynamically linked, BuildID[sha1]=9bca6b2b2b83f77425fcf333c1cd9feb527c0244, for GNU/Linux 3.7.0, stripped	-	2.17	-	libc.so.6,ld-linux-aarch64.so.1
aarch64-conda-linux-gnu/sysroot/usr/lib64/gconv/CP737.so	ELF 64-bit LSB shared object, ARM aarch64, version 1 (SYSV), dynamically linked, BuildID[sha1]=a97df19571100e0960ba8a858f832411f90c5eaa, for GNU/Linux 3.7.0, stripped	-	2.17	-	libc.so.6,ld-linux-aarch64.so.1
aarch64-conda-linux-gnu/sysroot/usr/lib64/gconv/IBM12712.so	ELF 64-bit LSB shared object, ARM aarch64, version 1 (SYSV), dynamically linked, BuildID[sha1]=cf6468b2a7907dfbadcfdcfd06590b8cf8295bd4, for GNU/Linux 3.7.0, stripped	-	2.17	-	libc.so.6,ld-linux-aarch64.so.1
aarch64-conda-linux-gnu/sysroot/usr/lib64/gconv/IBM275.so	ELF 64-bit LSB shared object, ARM aarch64, version 1 (SYSV), dynamically linked, BuildID[sha1]=4c0a16c4926fb486633b0ca6b1543b2eecc12c5a, for GNU/Linux 3.7.0, stripped	-	2.17	-	libc.so.6,ld-linux-aarch64.so.1
aarch64-conda-linux-gnu/sysroot/usr/lib64/gconv/IBM4909.so	ELF 64-bit LSB shared object, ARM aarch64, version 1 (SYSV), dynamically linked, BuildID[sha1]=feabaefead39bc697b51611c329effc8a5ae583f, for GNU/Linux 3.7.0, stripped	-	2.17	-	libc.so.6,ld-linux-aarch64.so.1
aarch64-conda-linux-gnu/sysroot/usr/lib64/gconv/VISCII.so	ELF 64-bit LSB shared object, ARM aarch64, version 1 (SYSV), dynamically linked, BuildID[sha1]=39019870c2be4f768e5e553018dd9924f8d443a2, for GNU/Linux 3.7.0, stripped	-	2.17	-	libc.so.6,ld-linux-aarch64.so.1
aarch64-conda-linux-gnu/sysroot/usr/lib64/gconv/ARMSCII-8.so	ELF 64-bit LSB shared object, ARM aarch64, version 1 (SYSV), dynamically linked, BuildID[sha1]=392f1b87506d7ad78e14598f4f825d25372486ba, for GNU/Linux 3.7.0, stripped	-	2.17	-	libc.so.6,ld-linux-aarch64.so.1
aarch64-conda-linux-gnu/sysroot/usr/lib64/gconv/MIK.so	ELF 64-bit LSB shared object, ARM aarch64, version 1 (SYSV), dynamically linked, BuildID[sha1]=2a40bf41715acf5504680a186d1a9642483b8deb, for GNU/Linux 3.7.0, stripped	-	2.17	-	libc.so.6,ld-linux-aarch64.so.1
aarch64-conda-linux-gnu/sysroot/usr/lib64/gconv/KOI8-U.so	ELF 64-bit LSB shared object, ARM aarch64, version 1 (SYSV), dynamically linked, BuildID[sha1]=0c587796fb0d7429f13f8887fc37869cae80b664, for GNU/Linux 3.7.0, stripped	-	2.17	-	libc.so.6,ld-linux-aarch64.so.1
aarch64-conda-linux-gnu/sysroot/usr/lib64/gconv/NATS-SEFI.so	ELF 64-bit LSB shared object, ARM aarch64, version 1 (SYSV), dynamically linked, BuildID[sha1]=c8721c93bf638fa8be5b3b88f6db62f07ff36261, for GNU/Linux 3.7.0, stripped	-	2.17	-	libc.so.6,ld-linux-aarch64.so.1
aarch64-conda-linux-gnu/sysroot/usr/lib64/gconv/IBM16804.so	ELF 64-bit LSB shared object, ARM aarch64, version 1 (SYSV), dynamically linked, BuildID[sha1]=9c0d04ea401cc9e2dce7cd4a75134def4ad34dfa, for GNU/Linux 3.7.0, stripped	-	2.17	-	libc.so.6,ld-linux-aarch64.so.1
aarch64-conda-linux-gnu/sysroot/usr/lib64/gconv/CP773.so	ELF 64-bit LSB shared object, ARM aarch64, version 1 (SYSV), dynamically linked, BuildID[sha1]=7ff28d4742e43cee36b3af51e946626d8dce6ada, for GNU/Linux 3.7.0, stripped	-	2.17	-	libc.so.6,ld-linux-aarch64.so.1
aarch64-conda-linux-gnu/sysroot/usr/lib64/gconv/ISO8859-13.so	ELF 64-bit LSB shared object, ARM aarch64, version 1 (SYSV), dynamically linked, BuildID[sha1]=ff18f87113c553a2a9474a2514ecb9e5faa9ca3b, for GNU/Linux 3.7.0, stripped	-	2.17	-	libc.so.6,ld-linux-aarch64.so.1
aarch64-conda-linux-gnu/sysroot/usr/lib64/gconv/INIS-CYRILLIC.so	ELF 64-bit LSB shared object, ARM aarch64, version 1 (SYSV), dynamically linked, BuildID[sha1]=7d7e67132ebf980369a70cd68d3900ad9e9ee80c, for GNU/Linux 3.7.0, stripped	-	2.17	-	libc.so.6,ld-linux-aarch64.so.1
aarch64-conda-linux-gnu/sysroot/usr/lib64/gconv/GBBIG5.so	ELF 64-bit LSB shared object, ARM aarch64, version 1 (SYSV), dynamically linked, BuildID[sha1]=0f298f63e702b3fb2cab50593e16cf12c3ec3c53, for GNU/Linux 3.7.0, stripped	-	2.17	-	libc.so.6,ld-linux-aarch64.so.1
aarch64-conda-linux-gnu/sysroot/usr/lib64/gconv/T.61.so	ELF 64-bit LSB shared object, ARM aarch64, version 1 (SYSV), dynamically linked, BuildID[sha1]=3da56b04037c709249595b3f18b9c72b23b6e1ff, for GNU/Linux 3.7.0, stripped	-	2.17	-	libc.so.6,ld-linux-aarch64.so.1
aarch64-conda-linux-gnu/sysroot/usr/lib64/gconv/EUC-JP-MS.so	ELF 64-bit LSB shared object, ARM aarch64, version 1 (SYSV), dynamically linked, BuildID[sha1]=d3d1de3617dba5a16159cc9bba2ac0149fb2467f, for GNU/Linux 3.7.0, stripped	-	2.17	-	libJIS.so,libc.so.6,ld-linux-aarch64.so.1
aarch64-conda-linux-gnu/sysroot/usr/lib64/gconv/EBCDIC-DK-NO-A.so	ELF 64-bit LSB shared object, ARM aarch64, version 1 (SYSV), dynamically linked, BuildID[sha1]=14cf015faa5b1739b09cae658b93fdc2c3086767, for GNU/Linux 3.7.0, stripped	-	2.17	-	libc.so.6,ld-linux-aarch64.so.1
aarch64-conda-linux-gnu/sysroot/usr/lib64/gconv/EBCDIC-CA-FR.so	ELF 64-bit LSB shared object, ARM aarch64, version 1 (SYSV), dynamically linked, BuildID[sha1]=28687acf36d90cf47b6b3cb2bf93cdeb909effba, for GNU/Linux 3.7.0, stripped	-	2.17	-	libc.so.6,ld-linux-aarch64.so.1
aarch64-conda-linux-gnu/sysroot/usr/lib64/gconv/EBCDIC-AT-DE-A.so	ELF 64-bit LSB shared object, ARM aarch64, version 1 (SYSV), dynamically linked, BuildID[sha1]=2fb3decb6620e5258d7866fd37cc7adbead511fa, for GNU/Linux 3.7.0, stripped	-	2.17	-	libc.so.6,ld-linux-aarch64.so.1
aarch64-conda-linux-gnu/sysroot/usr/lib64/gconv/ISO8859-4.so	ELF 64-bit LSB shared object, ARM aarch64, version 1 (SYSV), dynamically linked, BuildID[sha1]=27d89769f533c6f74674a6c013488ab82a632a95, for GNU/Linux 3.7.0, stripped	-	2.17	-	libc.so.6,ld-linux-aarch64.so.1
aarch64-conda-linux-gnu/sysroot/usr/lib64/gconv/EUC-JISX0213.so	ELF 64-bit LSB shared object, ARM aarch64, version 1 (SYSV), dynamically linked, BuildID[sha1]=218447a428abc402e9bbfbfa1ac20960ff7877d4, for GNU/Linux 3.7.0, stripped	-	2.17	-	libJISX0213.so,libc.so.6,ld-linux-aarch64.so.1
aarch64-conda-linux-gnu/sysroot/usr/lib64/gconv/libJIS.so	ELF 64-bit LSB shared object, ARM aarch64, version 1 (SYSV), dynamically linked, BuildID[sha1]=7fce53627a24b322103b276aaa87c45fd6fc9073, for GNU/Linux 3.7.0, stripped	-	2.17	-	libc.so.6
aarch64-conda-linux-gnu/sysroot/usr/lib64/gconv/GB18030.so	ELF 64-bit LSB shared object, ARM aarch64, version 1 (SYSV), dynamically linked, BuildID[sha1]=bd10c168edd433c3c3bb9bf479bc724817745d09, for GNU/Linux 3.7.0, stripped	-	2.17	-	libc.so.6,ld-linux-aarch64.so.1
aarch64-conda-linux-gnu/sysroot/usr/lib64/gconv/IBM860.so	ELF 64-bit LSB shared object, ARM aarch64, version 1 (SYSV), dynamically linked, BuildID[sha1]=8d4b7f493b11f10d152387037e607ecedd24fa85, for GNU/Linux 3.7.0, stripped	-	2.17	-	libc.so.6,ld-linux-aarch64.so.1
aarch64-conda-linux-gnu/sysroot/usr/lib64/gconv/IBM1004.so	ELF 64-bit LSB shared object, ARM aarch64, version 1 (SYSV), dynamically linked, BuildID[sha1]=7efa048dad8f7d8559db22bfdbd9e1bad752469c, for GNU/Linux 3.7.0, stripped	-	2.17	-	libc.so.6,ld-linux-aarch64.so.1
aarch64-conda-linux-gnu/sysroot/usr/lib64/gconv/IBM1144.so	ELF 64-bit LSB shared object, ARM aarch64, version 1 (SYSV), dynamically linked, BuildID[sha1]=aa58c702b996c3ac85e144e371f6f54de123a3e5, for GNU/Linux 3.7.0, stripped	-	2.17	-	libc.so.6,ld-linux-aarch64.so.1
aarch64-conda-linux-gnu/sysroot/usr/lib64/gconv/IBM1154.so	ELF 64-bit LSB shared object, ARM aarch64, version 1 (SYSV), dynamically linked, BuildID[sha1]=c2b4ed3d64c4d35e41c9f559e38eaa4bc40ed90b, for GNU/Linux 3.7.0, stripped	-	2.17	-	libc.so.6,ld-linux-aarch64.so.1
aarch64-conda-linux-gnu/sysroot/usr/lib64/gconv/MAC-CENTRALEUROPE.so	ELF 64-bit LSB shared object, ARM aarch64, version 1 (SYSV), dynamically linked, BuildID[sha1]=a6bba43b83f265b20f7e263b0b831a4a24dc4af3, for GNU/Linux 3.7.0, stripped	-	2.17	-	libc.so.6,ld-linux-aarch64.so.1
aarch64-conda-linux-gnu/sysroot/usr/lib64/gconv/IBM1160.so	ELF 64-bit LSB shared object, ARM aarch64, version 1 (SYSV), dynamically linked, BuildID[sha1]=2ab7349287ae55eebe3a6b549dfeca9f6f022fd3, for GNU/Linux 3.7.0, stripped	-	2.17	-	libc.so.6,ld-linux-aarch64.so.1
aarch64-conda-linux-gnu/sysroot/usr/lib64/gconv/KOI-8.so	ELF 64-bit LSB shared object, ARM aarch64, version 1 (SYSV), dynamically linked, BuildID[sha1]=7f120696ad40e7f3211c0d968e38c1287852972a, for GNU/Linux 3.7.0, stripped	-	2.17	-	libc.so.6,ld-linux-aarch64.so.1
aarch64-conda-linux-gnu/sysroot/usr/lib64/gconv/IBM904.so	ELF 64-bit LSB shared object, ARM aarch64, version 1 (SYSV), dynamically linked, BuildID[sha1]=07391b7f2d70fb47fc1b6964c34b3fe8afa3bccc, for GNU/Linux 3.7.0, stripped	-	2.17	-	libc.so.6,ld-linux-aarch64.so.1
aarch64-conda-linux-gnu/sysroot/usr/lib64/gconv/IBM870.so	ELF 64-bit LSB shared object, ARM aarch64, version 1 (SYSV), dynamically linked, BuildID[sha1]=60ac3172b6b516ed5fa37885eb3359f31e0163e5, for GNU/Linux 3.7.0, stripped	-	2.17	-	libc.so.6,ld-linux-aarch64.so.1
aarch64-conda-linux-gnu/sysroot/usr/lib64/gconv/IBM930.so	ELF 64-bit LSB shared object, ARM aarch64, version 1 (SYSV), dynamically linked, BuildID[sha1]=d80f8b5f0cc27da2883d1b704f3615964d46404e, for GNU/Linux 3.7.0, stripped	-	2.17	-	libc.so.6,ld-linux-aarch64.so.1
aarch64-conda-linux-gnu/sysroot/usr/lib64/gconv/TSCII.so	ELF 64-bit LSB shared object, ARM aarch64, version 1 (SYSV), dynamically linked, BuildID[sha1]=b8439433d1666d9b06a284eee4a36319b9294d3e, for GNU/Linux 3.7.0, stripped	-	2.17	-	libc.so.6,ld-linux-aarch64.so.1
aarch64-conda-linux-gnu/sysroot/usr/lib64/gconv/CP1250.so	ELF 64-bit LSB shared object, ARM aarch64, version 1 (SYSV), dynamically linked, BuildID[sha1]=129c55a6f37adce9902befa67c574dc8e80172da, for GNU/Linux 3.7.0, stripped	-	2.17	-	libc.so.6,ld-linux-aarch64.so.1
aarch64-conda-linux-gnu/sysroot/usr/lib64/gconv/IBM500.so	ELF 64-bit LSB shared object, ARM aarch64, version 1 (SYSV), dynamically linked, BuildID[sha1]=4e0aea27d17d9b9b451d6333a3377a5b28e07a1e, for GNU/Linux 3.7.0, stripped	-	2.17	-	libc.so.6,ld-linux-aarch64.so.1
aarch64-conda-linux-gnu/sysroot/usr/lib64/gconv/libJISX0213.so	ELF 64-bit LSB shared object, ARM aarch64, version 1 (SYSV), dynamically linked, BuildID[sha1]=a7c13d4097f435beca1ba706ef19603df70832b0, for GNU/Linux 3.7.0, stripped	-	2.17	-	libc.so.6
aarch64-conda-linux-gnu/sysroot/usr/lib64/gconv/IBM850.so	ELF 64-bit LSB shared object, ARM aarch64, version 1 (SYSV), dynamically linked, BuildID[sha1]=930ab90af0471e150a5738cee0324911b0927b2b, for GNU/Linux 3.7.0, stripped	-	2.17	-	libc.so.6,ld-linux-aarch64.so.1
aarch64-conda-linux-gnu/sysroot/usr/lib64/gconv/IBM5347.so	ELF 64-bit LSB shared object, ARM aarch64, version 1 (SYSV), dynamically linked, BuildID[sha1]=14ecd2b9438e0e977d22359865134a6bf2ea4d5e, for GNU/Linux 3.7.0, stripped	-	2.17	-	libc.so.6,ld-linux-aarch64.so.1
aarch64-conda-linux-gnu/sysroot/usr/lib64/gconv/IBM864.so	ELF 64-bit LSB shared object, ARM aarch64, version 1 (SYSV), dynamically linked, BuildID[sha1]=b66b6e7f6041cbf1adbf5232e5fd7adf332b0b52, for GNU/Linux 3.7.0, stripped	-	2.17	-	libc.so.6,ld-linux-aarch64.so.1
aarch64-conda-linux-gnu/sysroot/usr/lib64/gconv/LATIN-GREEK-1.so	ELF 64-bit LSB shared object, ARM aarch64, version 1 (SYSV), dynamically linked, BuildID[sha1]=d99ee922fd0b8bdb234a80cb8302230f49ac14f6, for GNU/Linux 3.7.0, stripped	-	2.17	-	libc.so.6,ld-linux-aarch64.so.1
aarch64-conda-linux-gnu/sysroot/usr/lib64/gconv/ISO_5427-EXT.so	ELF 64-bit LSB shared object, ARM aarch64, version 1 (SYSV), dynamically linked, BuildID[sha1]=5e8340ebbcde615fe43554d1c38d6c72bd0e4bdf, for GNU/Linux 3.7.0, stripped	-	2.17	-	libc.so.6,ld-linux-aarch64.so.1
aarch64-conda-linux-gnu/sysroot/usr/lib64/gconv/EUC-JP.so	ELF 64-bit LSB shared object, ARM aarch64, version 1 (SYSV), dynamically linked, BuildID[sha1]=f75b837c556136371f76af0d5b579bbdb395798e, for GNU/Linux 3.7.0, stripped	-	2.17	-	libJIS.so,libc.so.6,ld-linux-aarch64.so.1
aarch64-conda-linux-gnu/sysroot/usr/lib64/gconv/CP10007.so	ELF 64-bit LSB shared object, ARM aarch64, version 1 (SYSV), dynamically linked, BuildID[sha1]=9786afbc0d8665d1c39681e86f03894f852deb6a, for GNU/Linux 3.7.0, stripped	-	2.17	-	libc.so.6,ld-linux-aarch64.so.1
aarch64-conda-linux-gnu/sysroot/usr/lib64/gconv/IBM1140.so	ELF 64-bit LSB shared object, ARM aarch64, version 1 (SYSV), dynamically linked, BuildID[sha1]=01da13f52fddda8d34500e98d6ba9cfcd88f6ae4, for GNU/Linux 3.7.0, stripped	-	2.17	-	libc.so.6,ld-linux-aarch64.so.1
aarch64-conda-linux-gnu/sysroot/usr/lib64/gconv/IBM1164.so	ELF 64-bit LSB shared object, ARM aarch64, version 1 (SYSV), dynamically linked, BuildID[sha1]=10505d2f40416cecb9b7aabd8861d22679fc47b6, for GNU/Linux 3.7.0, stripped	-	2.17	-	libc.so.6,ld-linux-aarch64.so.1
aarch64-conda-linux-gnu/sysroot/usr/lib64/gconv/EUC-CN.so	ELF 64-bit LSB shared object, ARM aarch64, version 1 (SYSV), dynamically linked, BuildID[sha1]=e5c984fcc2e451c6d1c2eed7829723d705cee484, for GNU/Linux 3.7.0, stripped	-	2.17	-	libGB.so,libc.so.6,ld-linux-aarch64.so.1
aarch64-conda-linux-gnu/sysroot/usr/lib64/gconv/MAC-UK.so	ELF 64-bit LSB shared object, ARM aarch64, version 1 (SYSV), dynamically linked, BuildID[sha1]=cb4c91100ebc40c077680efdff8313f057ebd497, for GNU/Linux 3.7.0, stripped	-	2.17	-	libc.so.6,ld-linux-aarch64.so.1
aarch64-conda-linux-gnu/sysroot/usr/lib64/gconv/CP1254.so	ELF 64-bit LSB shared object, ARM aarch64, version 1 (SYSV), dynamically linked, BuildID[sha1]=0f499f5b717557764774a4752418b28601d025e2, for GNU/Linux 3.7.0, stripped	-	2.17	-	libc.so.6,ld-linux-aarch64.so.1
aarch64-conda-linux-gnu/sysroot/usr/lib64/gconv/IBM874.so	ELF 64-bit LSB shared object, ARM aarch64, version 1 (SYSV), dynamically linked, BuildID[sha1]=be2f206be6634ec805ad79ccbb5d6de1b9d0749d, for GNU/Linux 3.7.0, stripped	-	2.17	-	libc.so.6,ld-linux-aarch64.so.1
aarch64-conda-linux-gnu/sysroot/usr/lib64/gconv/NATS-DANO.so	ELF 64-bit LSB shared object, ARM aarch64, version 1 (SYSV), dynamically linked, BuildID[sha1]=6ac4afd0bae83d3c53780f1373a80472f17f9628, for GNU/Linux 3.7.0, stripped	-	2.17	-	libc.so.6,ld-linux-aarch64.so.1
aarch64-conda-linux-gnu/sysroot/usr/lib64/gconv/IBM851.so	ELF 64-bit LSB shared object, ARM aarch64, version 1 (SYSV), dynamically linked, BuildID[sha1]=4dc7a59da705c8f42b6d776854a4956d75f0ea6f, for GNU/Linux 3.7.0, stripped	-	2.17	-	libc.so.6,ld-linux-aarch64.so.1
aarch64-conda-linux-gnu/sysroot/usr/lib64/gconv/libKSC.so	ELF 64-bit LSB shared object, ARM aarch64, version 1 (SYSV), dynamically linked, BuildID[sha1]=6415caefdc8ef92be9afca4437f0d6a3057cb3cd, for GNU/Linux 3.7.0, stripped	-	2.17	-	libc.so.6
aarch64-conda-linux-gnu/sysroot/usr/lib64/gconv/IBM865.so	ELF 64-bit LSB shared object, ARM aarch64, version 1 (SYSV), dynamically linked, BuildID[sha1]=ee824554c8cdc26e6ed183b7f7fc7ced99abb0a5, for GNU/Linux 3.7.0, stripped	-	2.17	-	libc.so.6,ld-linux-aarch64.so.1
aarch64-conda-linux-gnu/sysroot/usr/lib64/gconv/ISO_6937.so	ELF 64-bit LSB shared object, ARM aarch64, version 1 (SYSV), dynamically linked, BuildID[sha1]=8e8a12435e6b248e939a2c94c39dbbd652a1432d, for GNU/Linux 3.7.0, stripped	-	2.17	-	libc.so.6,ld-linux-aarch64.so.1
aarch64-conda-linux-gnu/sysroot/usr/lib64/gconv/IBM4517.so	ELF 64-bit LSB shared object, ARM aarch64, version 1 (SYSV), dynamically linked, BuildID[sha1]=37a21a0865ccae7295df59c429884ddcead37442, for GNU/Linux 3.7.0, stripped	-	2.17	-	libc.so.6,ld-linux-aarch64.so.1
aarch64-conda-linux-gnu/sysroot/usr/lib64/gconv/IBM1390.so	ELF 64-bit LSB shared object, ARM aarch64, version 1 (SYSV), dynamically linked, BuildID[sha1]=4cff35ccc775e8ffcaac6bb126808c4270f59ffb, for GNU/Linux 3.7.0, stripped	-	2.17	-	libc.so.6,ld-linux-aarch64.so.1
aarch64-conda-linux-gnu/sysroot/usr/lib64/gconv/IBM1141.so	ELF 64-bit LSB shared object, ARM aarch64, version 1 (SYSV), dynamically linked, BuildID[sha1]=2d4bfa0ce1446545c831cb94ad0277a110cf1c29, for GNU/Linux 3.7.0, stripped	-	2.17	-	libc.so.6,ld-linux-aarch64.so.1
aarch64-conda-linux-gnu/sysroot/usr/lib64/gconv/IBM1097.so	ELF 64-bit LSB shared object, ARM aarch64, version 1 (SYSV), dynamically linked, BuildID[sha1]=aeb450e83d3f1d132758cd664723f7319edfbc0b, for GNU/Linux 3.7.0, stripped	-	2.17	-	libc.so.6,ld-linux-aarch64.so.1
aarch64-conda-linux-gnu/sysroot/usr/lib64/gconv/EUC-TW.so	ELF 64-bit LSB shared object, ARM aarch64, version 1 (SYSV), dynamically linked, BuildID[sha1]=b6ca3c1624a32228b5a51f893bd952aacbf48181, for GNU/Linux 3.7.0, stripped	-	2.17	-	libCNS.so,libc.so.6,ld-linux-aarch64.so.1
aarch64-conda-linux-gnu/sysroot/usr/lib64/gconv/IBM1124.so	ELF 64-bit LSB shared object, ARM aarch64, version 1 (SYSV), dynamically linked, BuildID[sha1]=ea639e1562d16f25cd405bad683d7541937472eb, for GNU/Linux 3.7.0, stripped	-	2.17	-	libc.so.6,ld-linux-aarch64.so.1
aarch64-conda-linux-gnu/sysroot/usr/lib64/gconv/IBM1025.so	ELF 64-bit LSB shared object, ARM aarch64, version 1 (SYSV), dynamically linked, BuildID[sha1]=df7beca9db8a8c41b9ee0f6144b6998481872708, for GNU/Linux 3.7.0, stripped	-	2.17	-	libc.so.6,ld-linux-aarch64.so.1
aarch64-conda-linux-gnu/sysroot/usr/lib64/gconv/ISO_6937-2.so	ELF 64-bit LSB shared object, ARM aarch64, version 1 (SYSV), dynamically linked, BuildID[sha1]=b9954a45f7433ea1220a8b8238b6b87520e05ecd, for GNU/Linux 3.7.0, stripped	-	2.17	-	libc.so.6,ld-linux-aarch64.so.1
aarch64-conda-linux-gnu/sysroot/usr/lib64/gconv/IBM038.so	ELF 64-bit LSB shared object, ARM aarch64, version 1 (SYSV), dynamically linked, BuildID[sha1]=0ace280ca5bc3f949f2048fdfb92e5432a3fc0b5, for GNU/Linux 3.7.0, stripped	-	2.17	-	libc.so.6,ld-linux-aarch64.so.1
aarch64-conda-linux-gnu/sysroot/usr/lib64/gconv/CP1255.so	ELF 64-bit LSB shared object, ARM aarch64, version 1 (SYSV), dynamically linked, BuildID[sha1]=857f8bc406babbd8585c1ab4bbca895df4bb1d36, for GNU/Linux 3.7.0, stripped	-	2.17	-	libc.so.6,ld-linux-aarch64.so.1
aarch64-conda-linux-gnu/sysroot/usr/lib64/gconv/ISO-2022-JP-3.so	ELF 64-bit LSB shared object, ARM aarch64, version 1 (SYSV), dynamically linked, BuildID[sha1]=b0c2a4051552942441afaea6ff1aa3a57157cfbb, for GNU/Linux 3.7.0, stripped	-	2.17	-	libJIS.so,libJISX0213.so,libc.so.6,ld-linux-aarch64.so.1
aarch64-conda-linux-gnu/sysroot/usr/lib64/gconv/IBM875.so	ELF 64-bit LSB shared object, ARM aarch64, version 1 (SYSV), dynamically linked, BuildID[sha1]=23f054f5b336dd399e8ad40358319e10dc891c31, for GNU/Linux 3.7.0, stripped	-	2.17	-	libc.so.6,ld-linux-aarch64.so.1
aarch64-conda-linux-gnu/sysroot/usr/lib64/gconv/IBM935.so	ELF 64-bit LSB shared object, ARM aarch64, version 1 (SYSV), dynamically linked, BuildID[sha1]=90b21ea63c23431a29eff5e832a2d229e24cefcc, for GNU/Linux 3.7.0, stripped	-	2.17	-	libc.so.6,ld-linux-aarch64.so.1
aarch64-conda-linux-gnu/sysroot/usr/lib64/gconv/IBM901.so	ELF 64-bit LSB shared object, ARM aarch64, version 1 (SYSV), dynamically linked, BuildID[sha1]=64f4469f97c78faa03b5bd4c9ca57f295fe98565, for GNU/Linux 3.7.0, stripped	-	2.17	-	libc.so.6,ld-linux-aarch64.so.1
aarch64-conda-linux-gnu/sysroot/usr/lib64/gconv/ISO_5428.so	ELF 64-bit LSB shared object, ARM aarch64, version 1 (SYSV), dynamically linked, BuildID[sha1]=e8ca9ca127bda1cb0721d1371e8794e949df40a7, for GNU/Linux 3.7.0, stripped	-	2.17	-	libc.so.6,ld-linux-aarch64.so.1
aarch64-conda-linux-gnu/sysroot/usr/lib64/gconv/IBM420.so	ELF 64-bit LSB shared object, ARM aarch64, version 1 (SYSV), dynamically linked, BuildID[sha1]=4a3c29ae21df8d3d8159d8cbf436b1ccbbecc192, for GNU/Linux 3.7.0, stripped	-	2.17	-	libc.so.6,ld-linux-aarch64.so.1
aarch64-conda-linux-gnu/sysroot/usr/lib64/gconv/LATIN-GREEK.so	ELF 64-bit LSB shared object, ARM aarch64, version 1 (SYSV), dynamically linked, BuildID[sha1]=8823dedc406661ab4d82cf9c9c07624d559f691a, for GNU/Linux 3.7.0, stripped	-	2.17	-	libc.so.6,ld-linux-aarch64.so.1
aarch64-conda-linux-gnu/sysroot/usr/lib64/gconv/IBM921.so	ELF 64-bit LSB shared object, ARM aarch64, version 1 (SYSV), dynamically linked, BuildID[sha1]=ae67476a79e14233d2127e31735c3c6e11302514, for GNU/Linux 3.7.0, stripped	-	2.17	-	libc.so.6,ld-linux-aarch64.so.1
aarch64-conda-linux-gnu/sysroot/usr/lib64/gconv/IBM9066.so	ELF 64-bit LSB shared object, ARM aarch64, version 1 (SYSV), dynamically linked, BuildID[sha1]=ad625e0796929b8a476e57631b445b49c456c7bb, for GNU/Linux 3.7.0, stripped	-	2.17	-	libc.so.6,ld-linux-aarch64.so.1
aarch64-conda-linux-gnu/sysroot/usr/lib64/gconv/IBM861.so	ELF 64-bit LSB shared object, ARM aarch64, version 1 (SYSV), dynamically linked, BuildID[sha1]=99da8770054eb10ba2da9e410b1941379d0e1e57, for GNU/Linux 3.7.0, stripped	-	2.17	-	libc.so.6,ld-linux-aarch64.so.1
aarch64-conda-linux-gnu/sysroot/usr/lib64/gconv/EBCDIC-FI-SE.so	ELF 64-bit LSB shared object, ARM aarch64, version 1 (SYSV), dynamically linked, BuildID[sha1]=57feeaed180b1957e52e20840fc423aea7d51a66, for GNU/Linux 3.7.0, stripped	-	2.17	-	libc.so.6,ld-linux-aarch64.so.1
aarch64-conda-linux-gnu/sysroot/usr/lib64/gconv/IBM855.so	ELF 64-bit LSB shared object, ARM aarch64, version 1 (SYSV), dynamically linked, BuildID[sha1]=f9f50e911f16d791e94b8b7b4ddc6d559b1efdf9, for GNU/Linux 3.7.0, stripped	-	2.17	-	libc.so.6,ld-linux-aarch64.so.1
aarch64-conda-linux-gnu/sysroot/usr/lib64/gconv/RK1048.so	ELF 64-bit LSB shared object, ARM aarch64, version 1 (SYSV), dynamically linked, BuildID[sha1]=70d602ddbb9fda5c50b046bc14a7bc7d783ae724, for GNU/Linux 3.7.0, stripped	-	2.17	-	libc.so.6,ld-linux-aarch64.so.1
aarch64-conda-linux-gnu/sysroot/usr/lib64/gconv/IBM1145.so	ELF 64-bit LSB shared object, ARM aarch64, version 1 (SYSV), dynamically linked, BuildID[sha1]=a456e1da8eec94377cb8cde1dea3a5784068468a, for GNU/Linux 3.7.0, stripped	-	2.17	-	libc.so.6,ld-linux-aarch64.so.1
aarch64-conda-linux-gnu/sysroot/usr/lib64/gconv/CSN_369103.so	ELF 64-bit LSB shared object, ARM aarch64, version 1 (SYSV), dynamically linked, BuildID[sha1]=f43d1b419152d3000cc25b68d5ed0f2e8c08b488, for GNU/Linux 3.7.0, stripped	-	2.17	-	libc.so.6,ld-linux-aarch64.so.1
aarch64-conda-linux-gnu/sysroot/usr/lib64/gconv/IBM1155.so	ELF 64-bit LSB shared object, ARM aarch64, version 1 (SYSV), dynamically linked, BuildID[sha1]=97e6c99e03e337a0aaceb049f25e4957fbe3b474, for GNU/Linux 3.7.0, stripped	-	2.17	-	libc.so.6,ld-linux-aarch64.so.1
aarch64-conda-linux-gnu/sysroot/usr/lib64/gconv/ECMA-CYRILLIC.so	ELF 64-bit LSB shared object, ARM aarch64, version 1 (SYSV), dynamically linked, BuildID[sha1]=7f6f01f57b0eb96a296026d47aa4ce47052fadef, for GNU/Linux 3.7.0, stripped	-	2.17	-	libc.so.6,ld-linux-aarch64.so.1
aarch64-conda-linux-gnu/sysroot/usr/lib64/gconv/IBM1161.so	ELF 64-bit LSB shared object, ARM aarch64, version 1 (SYSV), dynamically linked, BuildID[sha1]=f6158e15320a64f69a588534209e2bf5e0163ccc, for GNU/Linux 3.7.0, stripped	-	2.17	-	libc.so.6,ld-linux-aarch64.so.1
aarch64-conda-linux-gnu/sysroot/usr/lib64/gconv/IBM1130.so	ELF 64-bit LSB shared object, ARM aarch64, version 1 (SYSV), dynamically linked, BuildID[sha1]=028a6ac50b5dceb20dfb83850dedad805d179512, for GNU/Linux 3.7.0, stripped	-	2.17	-	libc.so.6,ld-linux-aarch64.so.1
aarch64-conda-linux-gnu/sysroot/usr/lib64/gconv/SJIS.so	ELF 64-bit LSB shared object, ARM aarch64, version 1 (SYSV), dynamically linked, BuildID[sha1]=9e6b8b546788880c88b4004613e31484966354f3, for GNU/Linux 3.7.0, stripped	-	2.17	-	libc.so.6,ld-linux-aarch64.so.1
aarch64-conda-linux-gnu/sysroot/usr/lib64/gconv/IBM905.so	ELF 64-bit LSB shared object, ARM aarch64, version 1 (SYSV), dynamically linked, BuildID[sha1]=a7b6fff5d6a8493c132f5eb295a9224f741cf180, for GNU/Linux 3.7.0, stripped	-	2.17	-	libc.so.6,ld-linux-aarch64.so.1
aarch64-conda-linux-gnu/sysroot/usr/lib64/gconv/IBM424.so	ELF 64-bit LSB shared object, ARM aarch64, version 1 (SYSV), dynamically linked, BuildID[sha1]=54eb18e4586195a9d0076b6dde70ee63d5f82caa, for GNU/Linux 3.7.0, stripped	-	2.17	-	libc.so.6,ld-linux-aarch64.so.1
aarch64-conda-linux-gnu/sysroot/usr/lib64/gconv/IBM871.so	ELF 64-bit LSB shared object, ARM aarch64, version 1 (SYSV), dynamically linked, BuildID[sha1]=c15866dfab6bf1721a5e497dcb38986e0ce5255a, for GNU/Linux 3.7.0, stripped	-	2.17	-	libc.so.6,ld-linux-aarch64.so.1
aarch64-conda-linux-gnu/sysroot/usr/lib64/gconv/ISO-IR-197.so	ELF 64-bit LSB shared object, ARM aarch64, version 1 (SYSV), dynamically linked, BuildID[sha1]=1975d0955ccd3254239dfb9f61a758414c156e77, for GNU/Linux 3.7.0, stripped	-	2.17	-	libc.so.6,ld-linux-aarch64.so.1
aarch64-conda-linux-gnu/sysroot/usr/lib64/gconv/CP1251.so	ELF 64-bit LSB shared object, ARM aarch64, version 1 (SYSV), dynamically linked, BuildID[sha1]=804a36d01299f3047113cf61cc62639cf7a6854d, for GNU/Linux 3.7.0, stripped	-	2.17	-	libc.so.6,ld-linux-aarch64.so.1
aarch64-conda-linux-gnu/sysroot/usr/lib64/gconv/PT154.so	ELF 64-bit LSB shared object, ARM aarch64, version 1 (SYSV), dynamically linked, BuildID[sha1]=81da4ab9ad9760f731393e3af360462db0e1f73e, for GNU/Linux 3.7.0, stripped	-	2.17	-	libc.so.6,ld-linux-aarch64.so.1
aarch64-conda-linux-gnu/sysroot/usr/lib64/gconv/IBM852.so	ELF 64-bit LSB shared object, ARM aarch64, version 1 (SYSV), dynamically linked, BuildID[sha1]=d9cf68d5d99d112647536cb5a44d26a1276e4899, for GNU/Linux 3.7.0, stripped	-	2.17	-	libc.so.6,ld-linux-aarch64.so.1
aarch64-conda-linux-gnu/sysroot/usr/lib64/gconv/IBM803.so	ELF 64-bit LSB shared object, ARM aarch64, version 1 (SYSV), dynamically linked, BuildID[sha1]=453d39cbf31b73d1a86620c6f8b31f316f52e7c6, for GNU/Linux 3.7.0, stripped	-	2.17	-	libc.so.6,ld-linux-aarch64.so.1
aarch64-conda-linux-gnu/sysroot/usr/lib64/gconv/IBM943.so	ELF 64-bit LSB shared object, ARM aarch64, version 1 (SYSV), dynamically linked, BuildID[sha1]=15aa8a75b62324f010b2e360172d2aca5a08d08b, for GNU/Linux 3.7.0, stripped	-	2.17	-	libc.so.6,ld-linux-aarch64.so.1
aarch64-conda-linux-gnu/sysroot/usr/lib64/gconv/TCVN5712-1.so	ELF 64-bit LSB shared object, ARM aarch64, version 1 (SYSV), dynamically linked, BuildID[sha1]=7791bdb00f0855a6b851b352da14009869e93b4c, for GNU/Linux 3.7.0, stripped	-	2.17	-	libc.so.6,ld-linux-aarch64.so.1
aarch64-conda-linux-gnu/sysroot/usr/lib64/gconv/BIG5HKSCS.so	ELF 64-bit LSB shared object, ARM aarch64, version 1 (SYSV), dynamically linked, BuildID[sha1]=9f08ff699ffdac73a1c4295c8de68fb968840b10, for GNU/Linux 3.7.0, stripped	-	2.17	-	libc.so.6,ld-linux-aarch64.so.1
aarch64-conda-linux-gnu/sysroot/usr/lib64/gconv/IBM9030.so	ELF 64-bit LSB shared object, ARM aarch64, version 1 (SYSV), dynamically linked, BuildID[sha1]=b308134ef4720a2f43d94b0438e90664e780186d, for GNU/Linux 3.7.0, stripped	-	2.17	-	libc.so.6,ld-linux-aarch64.so.1
aarch64-conda-linux-gnu/sysroot/usr/lib64/gconv/IBM866.so	ELF 64-bit LSB shared object, ARM aarch64, version 1 (SYSV), dynamically linked, BuildID[sha1]=76f6a2fc757899e30fe55142697db6be900a3962, for GNU/Linux 3.7.0, stripped	-	2.17	-	libc.so.6,ld-linux-aarch64.so.1
aarch64-conda-linux-gnu/sysroot/usr/lib64/gconv/HP-ROMAN8.so	ELF 64-bit LSB shared object, ARM aarch64, version 1 (SYSV), dynamically linked, BuildID[sha1]=b408fd31ec28104944d675e961cddfd1cde1d8d2, for GNU/Linux 3.7.0, stripped	-	2.17	-	libc.so.6,ld-linux-aarch64.so.1
aarch64-conda-linux-gnu/sysroot/usr/lib64/gconv/IBM1142.so	ELF 64-bit LSB shared object, ARM aarch64, version 1 (SYSV), dynamically linked, BuildID[sha1]=a6d7f2a395c5ee311dd1eb8c166563946f8d39f2, for GNU/Linux 3.7.0, stripped	-	2.17	-	libc.so.6,ld-linux-aarch64.so.1
aarch64-conda-linux-gnu/sysroot/usr/lib64/gconv/EBCDIC-FI-SE-A.so	ELF 64-bit LSB shared object, ARM aarch64, version 1 (SYSV), dynamically linked, BuildID[sha1]=e39365d8283b6fa1111664f49dae51831fd1008a, for GNU/Linux 3.7.0, stripped	-	2.17	-	libc.so.6,ld-linux-aarch64.so.1
aarch64-conda-linux-gnu/sysroot/usr/lib64/gconv/IBM1026.so	ELF 64-bit LSB shared object, ARM aarch64, version 1 (SYSV), dynamically linked, BuildID[sha1]=515471cdece156e87fbebd910d3e76d3c946f90a, for GNU/Linux 3.7.0, stripped	-	2.17	-	libc.so.6,ld-linux-aarch64.so.1
aarch64-conda-linux-gnu/sysroot/usr/lib64/gconv/MAC-IS.so	ELF 64-bit LSB shared object, ARM aarch64, version 1 (SYSV), dynamically linked, BuildID[sha1]=a587cdcc1d06137e8616971a109b63eb605768e7, for GNU/Linux 3.7.0, stripped	-	2.17	-	libc.so.6,ld-linux-aarch64.so.1
aarch64-conda-linux-gnu/sysroot/usr/lib64/gconv/IBM1166.so	ELF 64-bit LSB shared object, ARM aarch64, version 1 (SYSV), dynamically linked, BuildID[sha1]=e65091ef88790015205ccaeef0d5d880478443dc, for GNU/Linux 3.7.0, stripped	-	2.17	-	libc.so.6,ld-linux-aarch64.so.1
aarch64-conda-linux-gnu/sysroot/usr/lib64/gconv/IBM1137.so	ELF 64-bit LSB shared object, ARM aarch64, version 1 (SYSV), dynamically linked, BuildID[sha1]=e0f1b3fb2063a164927267e867f1b973867c4249, for GNU/Linux 3.7.0, stripped	-	2.17	-	libc.so.6,ld-linux-aarch64.so.1
aarch64-conda-linux-gnu/sysroot/usr/lib64/gconv/EUC-KR.so	ELF 64-bit LSB shared object, ARM aarch64, version 1 (SYSV), dynamically linked, BuildID[sha1]=b310faf8b8fefec136033dfa6e293ec2f07d5c84, for GNU/Linux 3.7.0, stripped	-	2.17	-	libKSC.so,libc.so.6,ld-linux-aarch64.so.1
aarch64-conda-linux-gnu/sysroot/usr/lib64/gconv/UHC.so	ELF 64-bit LSB shared object, ARM aarch64, version 1 (SYSV), dynamically linked, BuildID[sha1]=7a45bd7d2633e3d1e129fc255a33a9885b52d996, for GNU/Linux 3.7.0, stripped	-	2.17	-	libKSC.so,libc.so.6,ld-linux-aarch64.so.1
aarch64-conda-linux-gnu/sysroot/usr/lib64/gconv/HP-THAI8.so	ELF 64-bit LSB shared object, ARM aarch64, version 1 (SYSV), dynamically linked, BuildID[sha1]=78f18fe2f48cb503f5107841ada753937b6a799c, for GNU/Linux 3.7.0, stripped	-	2.17	-	libc.so.6,ld-linux-aarch64.so.1
aarch64-conda-linux-gnu/sysroot/usr/lib64/gconv/EBCDIC-IS-FRISS.so	ELF 64-bit LSB shared object, ARM aarch64, version 1 (SYSV), dynamically linked, BuildID[sha1]=d75cb164b4c76a77b9e8e171ffb61a181bab6f43, for GNU/Linux 3.7.0, stripped	-	2.17	-	libc.so.6,ld-linux-aarch64.so.1
aarch64-conda-linux-gnu/sysroot/usr/lib64/gconv/CP1256.so	ELF 64-bit LSB shared object, ARM aarch64, version 1 (SYSV), dynamically linked, BuildID[sha1]=b2173f211c94a164c154b2e856f6199366a0715f, for GNU/Linux 3.7.0, stripped	-	2.17	-	libc.so.6,ld-linux-aarch64.so.1
aarch64-conda-linux-gnu/sysroot/usr/lib64/gconv/IBM423.so	ELF 64-bit LSB shared object, ARM aarch64, version 1 (SYSV), dynamically linked, BuildID[sha1]=018fa67fd45349c696a9d2316a02153171cc60f2, for GNU/Linux 3.7.0, stripped	-	2.17	-	libc.so.6,ld-linux-aarch64.so.1
aarch64-conda-linux-gnu/sysroot/usr/lib64/gconv/ISO8859-9.so	ELF 64-bit LSB shared object, ARM aarch64, version 1 (SYSV), dynamically linked, BuildID[sha1]=c63c4d5b10ebe282d5f6282cd611b0ff33220b95, for GNU/Linux 3.7.0, stripped	-	2.17	-	libc.so.6,ld-linux-aarch64.so.1
aarch64-conda-linux-gnu/sysroot/usr/lib64/gconv/IBM902.so	ELF 64-bit LSB shared object, ARM aarch64, version 1 (SYSV), dynamically linked, BuildID[sha1]=938b07ba6653046cc3d21df31b4a86483612df62, for GNU/Linux 3.7.0, stripped	-	2.17	-	libc.so.6,ld-linux-aarch64.so.1
aarch64-conda-linux-gnu/sysroot/usr/lib64/gconv/IBM922.so	ELF 64-bit LSB shared object, ARM aarch64, version 1 (SYSV), dynamically linked, BuildID[sha1]=a1fd2ead6e65f5dab504474dab8ed7e376af462b, for GNU/Linux 3.7.0, stripped	-	2.17	-	libc.so.6,ld-linux-aarch64.so.1
aarch64-conda-linux-gnu/sysroot/usr/lib64/gconv/IBM862.so	ELF 64-bit LSB shared object, ARM aarch64, version 1 (SYSV), dynamically linked, BuildID[sha1]=340bf8e7d4aa0a1097e210ca84daaa6cd40d0a04, for GNU/Linux 3.7.0, stripped	-	2.17	-	libc.so.6,ld-linux-aarch64.so.1
aarch64-conda-linux-gnu/sysroot/usr/lib64/gconv/IBM891.so	ELF 64-bit LSB shared object, ARM aarch64, version 1 (SYSV), dynamically linked, BuildID[sha1]=a19b078524eb357b102086b50097251216fbaf1d, for GNU/Linux 3.7.0, stripped	-	2.17	-	libc.so.6,ld-linux-aarch64.so.1
aarch64-conda-linux-gnu/sysroot/usr/lib64/gconv/IBM856.so	ELF 64-bit LSB shared object, ARM aarch64, version 1 (SYSV), dynamically linked, BuildID[sha1]=736e44b6ed28035a5a3ef9dcea830723e0aa3d7f, for GNU/Linux 3.7.0, stripped	-	2.17	-	libc.so.6,ld-linux-aarch64.so.1
aarch64-conda-linux-gnu/sysroot/usr/lib64/gconv/IBM437.so	ELF 64-bit LSB shared object, ARM aarch64, version 1 (SYSV), dynamically linked, BuildID[sha1]=ea99c80dc87a1fa7d05ad68c507559eedb8452da, for GNU/Linux 3.7.0, stripped	-	2.17	-	libc.so.6,ld-linux-aarch64.so.1
aarch64-conda-linux-gnu/sysroot/usr/lib64/gconv/HP-TURKISH8.so	ELF 64-bit LSB shared object, ARM aarch64, version 1 (SYSV), dynamically linked, BuildID[sha1]=a2d7c47bad110fe29a2b0bcca0bab1925e1a9c26, for GNU/Linux 3.7.0, stripped	-	2.17	-	libc.so.6,ld-linux-aarch64.so.1
aarch64-conda-linux-gnu/sysroot/usr/lib64/gconv/IBM1123.so	ELF 64-bit LSB shared object, ARM aarch64, version 1 (SYSV), dynamically linked, BuildID[sha1]=7d68feb14dc524c3eb1d0aedf9bbbe85891f3f37, for GNU/Linux 3.7.0, stripped	-	2.17	-	libc.so.6,ld-linux-aarch64.so.1
aarch64-conda-linux-gnu/sysroot/usr/lib64/gconv/BRF.so	ELF 64-bit LSB shared object, ARM aarch64, version 1 (SYSV), dynamically linked, BuildID[sha1]=eea200dbe037360e23ce6d3ceed4566c351cd7d4, for GNU/Linux 3.7.0, stripped	-	2.17	-	libc.so.6,ld-linux-aarch64.so.1
aarch64-conda-linux-gnu/sysroot/usr/lib64/gconv/IBM4971.so	ELF 64-bit LSB shared object, ARM aarch64, version 1 (SYSV), dynamically linked, BuildID[sha1]=b5f928751716a9da2358476a21e40fdc6d6fd7a1, for GNU/Linux 3.7.0, stripped	-	2.17	-	libc.so.6,ld-linux-aarch64.so.1
aarch64-conda-linux-gnu/sysroot/usr/lib64/gconv/IBM1146.so	ELF 64-bit LSB shared object, ARM aarch64, version 1 (SYSV), dynamically linked, BuildID[sha1]=693ff97beaaa2726d3c907baae9f54364d6a481a, for GNU/Linux 3.7.0, stripped	-	2.17	-	libc.so.6,ld-linux-aarch64.so.1
aarch64-conda-linux-gnu/sysroot/usr/lib64/gconv/IBM1364.so	ELF 64-bit LSB shared object, ARM aarch64, version 1 (SYSV), dynamically linked, BuildID[sha1]=8a7a62f5da7a94254aaa86c6619cd052a13c0b10, for GNU/Linux 3.7.0, stripped	-	2.17	-	libc.so.6,ld-linux-aarch64.so.1
aarch64-conda-linux-gnu/sysroot/usr/lib64/gconv/EBCDIC-AT-DE.so	ELF 64-bit LSB shared object, ARM aarch64, version 1 (SYSV), dynamically linked, BuildID[sha1]=9cfde15a76dc20a3c0c68911f0bcd36d7108f8f1, for GNU/Linux 3.7.0, stripped	-	2.17	-	libc.so.6,ld-linux-aarch64.so.1
aarch64-conda-linux-gnu/sysroot/usr/lib64/gconv/UTF-7.so	ELF 64-bit LSB shared object, ARM aarch64, version 1 (SYSV), dynamically linked, BuildID[sha1]=0f5cbb216a099fe505368772d16eebd861e257cb, for GNU/Linux 3.7.0, stripped	-	2.17	-	libc.so.6,ld-linux-aarch64.so.1
aarch64-conda-linux-gnu/sysroot/usr/lib64/gconv/IBM1156.so	ELF 64-bit LSB shared object, ARM aarch64, version 1 (SYSV), dynamically linked, BuildID[sha1]=cd19e962dd4f33e058cd39eb63d273a03c392ddd, for GNU/Linux 3.7.0, stripped	-	2.17	-	libc.so.6,ld-linux-aarch64.so.1
aarch64-conda-linux-gnu/sysroot/usr/lib64/gconv/IBM1047.so	ELF 64-bit LSB shared object, ARM aarch64, version 1 (SYSV), dynamically linked, BuildID[sha1]=43a1f408619c4380bf7c950deb37c6d8ec0d7a69, for GNU/Linux 3.7.0, stripped	-	2.17	-	libc.so.6,ld-linux-aarch64.so.1
aarch64-conda-linux-gnu/sysroot/usr/lib64/gconv/IBM1133.so	ELF 64-bit LSB shared object, ARM aarch64, version 1 (SYSV), dynamically linked, BuildID[sha1]=3b4dc3d044a55faf9c9d7490218155c9c8895547, for GNU/Linux 3.7.0, stripped	-	2.17	-	libc.so.6,ld-linux-aarch64.so.1
aarch64-conda-linux-gnu/sysroot/usr/lib64/gconv/IBM278.so	ELF 64-bit LSB shared object, ARM aarch64, version 1 (SYSV), dynamically linked, BuildID[sha1]=c5b9906fc45d4d9819911497e407766a1035a38c, for GNU/Linux 3.7.0, stripped	-	2.17	-	libc.so.6,ld-linux-aarch64.so.1
aarch64-conda-linux-gnu/sysroot/usr/lib64/gconv/IBM1162.so	ELF 64-bit LSB shared object, ARM aarch64, version 1 (SYSV), dynamically linked, BuildID[sha1]=77de508f0eca8cc9808710128ecab6b339aa5ce7, for GNU/Linux 3.7.0, stripped	-	2.17	-	libc.so.6,ld-linux-aarch64.so.1
aarch64-conda-linux-gnu/sysroot/usr/lib64/gconv/GEORGIAN-ACADEMY.so	ELF 64-bit LSB shared object, ARM aarch64, version 1 (SYSV), dynamically linked, BuildID[sha1]=2b642663beaacda42fe05771356a363a02479186, for GNU/Linux 3.7.0, stripped	-	2.17	-	libc.so.6,ld-linux-aarch64.so.1
aarch64-conda-linux-gnu/sysroot/usr/lib64/gconv/ISO_10367-BOX.so	ELF 64-bit LSB shared object, ARM aarch64, version 1 (SYSV), dynamically linked, BuildID[sha1]=5be16abe4878ab3c2929ca8dbea009906c88ba1a, for GNU/Linux 3.7.0, stripped	-	2.17	-	libc.so.6,ld-linux-aarch64.so.1
aarch64-conda-linux-gnu/sysroot/usr/lib64/gconv/CP1252.so	ELF 64-bit LSB shared object, ARM aarch64, version 1 (SYSV), dynamically linked, BuildID[sha1]=72874b76cf0e8933b319b21bebfcb384f8011a6f, for GNU/Linux 3.7.0, stripped	-	2.17	-	libc.so.6,ld-linux-aarch64.so.1
aarch64-conda-linux-gnu/sysroot/usr/lib64/gconv/IBM932.so	ELF 64-bit LSB shared object, ARM aarch64, version 1 (SYSV), dynamically linked, BuildID[sha1]=df8a0f60c436f0ceb0d18792a44fa49a2f7a208a, for GNU/Linux 3.7.0, stripped	-	2.17	-	libc.so.6,ld-linux-aarch64.so.1
aarch64-conda-linux-gnu/sysroot/usr/lib64/gconv/IBM863.so	ELF 64-bit LSB shared object, ARM aarch64, version 1 (SYSV), dynamically linked, BuildID[sha1]=c7a1c1bfba95a0a678d3692c77a518a5ffb96dc0, for GNU/Linux 3.7.0, stripped	-	2.17	-	libc.so.6,ld-linux-aarch64.so.1
aarch64-conda-linux-gnu/sysroot/usr/lib64/gconv/IBM857.so	ELF 64-bit LSB shared object, ARM aarch64, version 1 (SYSV), dynamically linked, BuildID[sha1]=c6b4bf833c895c0cbd6fcc0e7d83eb8488d9c128, for GNU/Linux 3.7.0, stripped	-	2.17	-	libc.so.6,ld-linux-aarch64.so.1
aarch64-conda-linux-gnu/sysroot/usr/lib64/gconv/GREEK-CCITT.so	ELF 64-bit LSB shared object, ARM aarch64, version 1 (SYSV), dynamically linked, BuildID[sha1]=21a635487689e3c2bc65b211d782cd1c619f345c, for GNU/Linux 3.7.0, stripped	-	2.17	-	libc.so.6,ld-linux-aarch64.so.1
aarch64-conda-linux-gnu/sysroot/usr/lib64/gconv/ISO646.so	ELF 64-bit LSB shared object, ARM aarch64, version 1 (SYSV), dynamically linked, BuildID[sha1]=71c8e153ff8deaf09d28fa965e2ab92fa5a597ac, for GNU/Linux 3.7.0, stripped	-	2.17	-	libc.so.6,ld-linux-aarch64.so.1
aarch64-conda-linux-gnu/sysroot/usr/lib64/gconv/libCNS.so	ELF 64-bit LSB shared object, ARM aarch64, version 1 (SYSV), dynamically linked, BuildID[sha1]=0b8eb664b7eba02b7324d98961f51f797369b58a, for GNU/Linux 3.7.0, stripped	-	2.17	-	libc.so.6
aarch64-conda-linux-gnu/sysroot/usr/lib64/gconv/IBM1122.so	ELF 64-bit LSB shared object, ARM aarch64, version 1 (SYSV), dynamically linked, BuildID[sha1]=6bfa9107806966ce9df5083733490b5f702e6583, for GNU/Linux 3.7.0, stripped	-	2.17	-	libc.so.6,ld-linux-aarch64.so.1
aarch64-conda-linux-gnu/sysroot/usr/lib64/gconv/libISOIR165.so	ELF 64-bit LSB shared object, ARM aarch64, version 1 (SYSV), dynamically linked, BuildID[sha1]=513f1593666145b3472bd3fd2385d1647e5715b2, for GNU/Linux 3.7.0, stripped	-	2.17	-	libc.so.6
aarch64-conda-linux-gnu/sysroot/usr/lib64/gconv/IBM9448.so	ELF 64-bit LSB shared object, ARM aarch64, version 1 (SYSV), dynamically linked, BuildID[sha1]=c1804dd584c8deac7eb9825e30b4b09cc889e25a, for GNU/Linux 3.7.0, stripped	-	2.17	-	libc.so.6,ld-linux-aarch64.so.1
aarch64-conda-linux-gnu/sysroot/usr/lib64/gconv/IBM1147.so	ELF 64-bit LSB shared object, ARM aarch64, version 1 (SYSV), dynamically linked, BuildID[sha1]=8c1e85546489d08a4a227e319331eadbc10872d1, for GNU/Linux 3.7.0, stripped	-	2.17	-	libc.so.6,ld-linux-aarch64.so.1
aarch64-conda-linux-gnu/sysroot/usr/lib64/gconv/EBCDIC-ES-A.so	ELF 64-bit LSB shared object, ARM aarch64, version 1 (SYSV), dynamically linked, BuildID[sha1]=1a0545e75a716798680e31d902bd67762328df77, for GNU/Linux 3.7.0, stripped	-	2.17	-	libc.so.6,ld-linux-aarch64.so.1
aarch64-conda-linux-gnu/sysroot/usr/lib64/gconv/UNICODE.so	ELF 64-bit LSB shared object, ARM aarch64, version 1 (SYSV), dynamically linked, BuildID[sha1]=7c7a338c1fd1ef015e268c94112fa7c6b704b885, for GNU/Linux 3.7.0, stripped	-	2.17	-	libc.so.6,ld-linux-aarch64.so.1
aarch64-conda-linux-gnu/sysroot/usr/lib64/gconv/IBM1157.so	ELF 64-bit LSB shared object, ARM aarch64, version 1 (SYSV), dynamically linked, BuildID[sha1]=6b6d32aff1d01a560673cefde058903d311de404, for GNU/Linux 3.7.0, stripped	-	2.17	-	libc.so.6,ld-linux-aarch64.so.1
aarch64-conda-linux-gnu/sysroot/usr/lib64/gconv/IBM1046.so	ELF 64-bit LSB shared object, ARM aarch64, version 1 (SYSV), dynamically linked, BuildID[sha1]=5e11f5adbaaa2486220c0e6599707ddb9fe0259c, for GNU/Linux 3.7.0, stripped	-	2.17	-	libc.so.6,ld-linux-aarch64.so.1
aarch64-conda-linux-gnu/sysroot/usr/lib64/gconv/IBM1132.so	ELF 64-bit LSB shared object, ARM aarch64, version 1 (SYSV), dynamically linked, BuildID[sha1]=e6ce90658648afe9eaa9a68389654b9109a92502, for GNU/Linux 3.7.0, stripped	-	2.17	-	libc.so.6,ld-linux-aarch64.so.1
aarch64-conda-linux-gnu/sysroot/usr/lib64/gconv/IBM1163.so	ELF 64-bit LSB shared object, ARM aarch64, version 1 (SYSV), dynamically linked, BuildID[sha1]=817851ddd564ceb318bd2e4dd163bcddd894194d, for GNU/Linux 3.7.0, stripped	-	2.17	-	libc.so.6,ld-linux-aarch64.so.1
aarch64-conda-linux-gnu/sysroot/usr/lib64/gconv/GBK.so	ELF 64-bit LSB shared object, ARM aarch64, version 1 (SYSV), dynamically linked, BuildID[sha1]=1d2483c6af9c2ff7d8e84f84210b8585c5f6b8c0, for GNU/Linux 3.7.0, stripped	-	2.17	-	libc.so.6,ld-linux-aarch64.so.1
aarch64-conda-linux-gnu/sysroot/usr/lib64/gconv/IBM880.so	ELF 64-bit LSB shared object, ARM aarch64, version 1 (SYSV), dynamically linked, BuildID[sha1]=814534ba83ca311e2da1e27b7938d7e1e9d6210c, for GNU/Linux 3.7.0, stripped	-	2.17	-	libc.so.6,ld-linux-aarch64.so.1
aarch64-conda-linux-gnu/sysroot/usr/lib64/gconv/CP1253.so	ELF 64-bit LSB shared object, ARM aarch64, version 1 (SYSV), dynamically linked, BuildID[sha1]=8c00326ec8087a7387d2502b075aa28db65ad206, for GNU/Linux 3.7.0, stripped	-	2.17	-	libc.so.6,ld-linux-aarch64.so.1
aarch64-conda-linux-gnu/sysroot/usr/lib64/gconv/JOHAB.so	ELF 64-bit LSB shared object, ARM aarch64, version 1 (SYSV), dynamically linked, BuildID[sha1]=69a31cbe88732e50ae4b6b7dc52c8de777ef7ca8, for GNU/Linux 3.7.0, stripped	-	2.17	-	libKSC.so,libc.so.6,ld-linux-aarch64.so.1
aarch64-conda-linux-gnu/sysroot/usr/lib64/gconv/IBM933.so	ELF 64-bit LSB shared object, ARM aarch64, version 1 (SYSV), dynamically linked, BuildID[sha1]=3b1ca745251d3d4defd9f89cbad6188d43dacb0c, for GNU/Linux 3.7.0, stripped	-	2.17	-	libc.so.6,ld-linux-aarch64.so.1
aarch64-conda-linux-gnu/sysroot/usr/lib64/gconv/IEC_P27-1.so	ELF 64-bit LSB shared object, ARM aarch64, version 1 (SYSV), dynamically linked, BuildID[sha1]=009d69d9df9550f6ffe0bb1372601b80c6be8c5f, for GNU/Linux 3.7.0, stripped	-	2.17	-	libc.so.6,ld-linux-aarch64.so.1
aarch64-conda-linux-gnu/sysroot/usr/lib64/gconv/ISIRI-3342.so	ELF 64-bit LSB shared object, ARM aarch64, version 1 (SYSV), dynamically linked, BuildID[sha1]=19edc95c8311844a3526283bd1497e6b2e15313f, for GNU/Linux 3.7.0, stripped	-	2.17	-	libc.so.6,ld-linux-aarch64.so.1
aarch64-conda-linux-gnu/sysroot/usr/lib64/gconv/libGB.so	ELF 64-bit LSB shared object, ARM aarch64, version 1 (SYSV), dynamically linked, BuildID[sha1]=e37d054bc0ffd58de97d3e4aaa91063818523f08, for GNU/Linux 3.7.0, stripped	-	2.17	-	libc.so.6
aarch64-conda-linux-gnu/sysroot/usr/lib64/gconv/CP1125.so	ELF 64-bit LSB shared object, ARM aarch64, version 1 (SYSV), dynamically linked, BuildID[sha1]=b9bfac84436984aa99c3e0d45db0e1ec6fa685ec, for GNU/Linux 3.7.0, stripped	-	2.17	-	libc.so.6,ld-linux-aarch64.so.1
aarch64-conda-linux-gnu/sysroot/usr/lib64/gconv/HP-ROMAN9.so	ELF 64-bit LSB shared object, ARM aarch64, version 1 (SYSV), dynamically linked, BuildID[sha1]=76628844018088ed87f7de5140f74d378ee61450, for GNU/Linux 3.7.0, stripped	-	2.17	-	libc.so.6,ld-linux-aarch64.so.1
aarch64-conda-linux-gnu/sysroot/usr/lib64/gconv/IBM1143.so	ELF 64-bit LSB shared object, ARM aarch64, version 1 (SYSV), dynamically linked, BuildID[sha1]=ef18915730677ecda237dd808f491e15a4bf0ec1, for GNU/Linux 3.7.0, stripped	-	2.17	-	libc.so.6,ld-linux-aarch64.so.1
aarch64-conda-linux-gnu/sysroot/usr/lib64/gconv/IBM1112.so	ELF 64-bit LSB shared object, ARM aarch64, version 1 (SYSV), dynamically linked, BuildID[sha1]=493f90f26355ba1f536998188d76964d9c0a84ee, for GNU/Linux 3.7.0, stripped	-	2.17	-	libc.so.6,ld-linux-aarch64.so.1
aarch64-conda-linux-gnu/sysroot/usr/lib64/gconv/INIS-8.so	ELF 64-bit LSB shared object, ARM aarch64, version 1 (SYSV), dynamically linked, BuildID[sha1]=73bcad832b4ffc6092da77679e11dc1f8db0379b, for GNU/Linux 3.7.0, stripped	-	2.17	-	libc.so.6,ld-linux-aarch64.so.1
aarch64-conda-linux-gnu/sysroot/usr/lib64/gconv/GREEK7-OLD.so	ELF 64-bit LSB shared object, ARM aarch64, version 1 (SYSV), dynamically linked, BuildID[sha1]=274aa631aec5c34d336f62b885cabe271e5ac1be, for GNU/Linux 3.7.0, stripped	-	2.17	-	libc.so.6,ld-linux-aarch64.so.1
aarch64-conda-linux-gnu/sysroot/usr/lib64/gconv/INIS.so	ELF 64-bit LSB shared object, ARM aarch64, version 1 (SYSV), dynamically linked, BuildID[sha1]=555e04c01aed235c7184bcbca19746a4502dc654, for GNU/Linux 3.7.0, stripped	-	2.17	-	libc.so.6,ld-linux-aarch64.so.1
aarch64-conda-linux-gnu/sysroot/usr/lib64/gconv/IBM1167.so	ELF 64-bit LSB shared object, ARM aarch64, version 1 (SYSV), dynamically linked, BuildID[sha1]=d314568bac6c695ebbf10a44cbbf6915ff493bb5, for GNU/Linux 3.7.0, stripped	-	2.17	-	libc.so.6,ld-linux-aarch64.so.1
aarch64-conda-linux-gnu/sysroot/usr/lib64/gconv/GEORGIAN-PS.so	ELF 64-bit LSB shared object, ARM aarch64, version 1 (SYSV), dynamically linked, BuildID[sha1]=02cc6b04e1e708410c980181372c23b487504f78, for GNU/Linux 3.7.0, stripped	-	2.17	-	libc.so.6,ld-linux-aarch64.so.1
aarch64-conda-linux-gnu/sysroot/usr/lib64/gconv/IBM1371.so	ELF 64-bit LSB shared object, ARM aarch64, version 1 (SYSV), dynamically linked, BuildID[sha1]=587cf87beb46bbf747263896c117f2339ac4c357, for GNU/Linux 3.7.0, stripped	-	2.17	-	libc.so.6,ld-linux-aarch64.so.1
aarch64-conda-linux-gnu/sysroot/usr/lib64/gconv/IBM1153.so	ELF 64-bit LSB shared object, ARM aarch64, version 1 (SYSV), dynamically linked, BuildID[sha1]=78496b1e0a7e5dc760e00ad5304e030091ce8ab6, for GNU/Linux 3.7.0, stripped	-	2.17	-	libc.so.6,ld-linux-aarch64.so.1
aarch64-conda-linux-gnu/sysroot/usr/lib64/gconv/SAMI-WS2.so	ELF 64-bit LSB shared object, ARM aarch64, version 1 (SYSV), dynamically linked, BuildID[sha1]=d77c7e95b3a5808d4dcecc5e43bc09d6e997f9c5, for GNU/Linux 3.7.0, stripped	-	2.17	-	libc.so.6,ld-linux-aarch64.so.1
aarch64-conda-linux-gnu/sysroot/usr/lib64/gconv/IBM937.so	ELF 64-bit LSB shared object, ARM aarch64, version 1 (SYSV), dynamically linked, BuildID[sha1]=ccfa3b2d34e1c6e326fe430449e6777b3890fdfb, for GNU/Linux 3.7.0, stripped	-	2.17	-	libc.so.6,ld-linux-aarch64.so.1
aarch64-conda-linux-gnu/sysroot/usr/lib64/gconv/CP1257.so	ELF 64-bit LSB shared object, ARM aarch64, version 1 (SYSV), dynamically linked, BuildID[sha1]=6f7a5fd29890e6c69303c25cda200f64811b3775, for GNU/Linux 3.7.0, stripped	-	2.17	-	libc.so.6,ld-linux-aarch64.so.1
aarch64-conda-linux-gnu/sysroot/usr/lib64/gconv/ISO-2022-CN-EXT.so	ELF 64-bit LSB shared object, ARM aarch64, version 1 (SYSV), dynamically linked, BuildID[sha1]=7c84475151297ac7a49604a96a39183d79513318, for GNU/Linux 3.7.0, stripped	-	2.17	-	libGB.so,libCNS.so,libISOIR165.so,libc.so.6,ld-linux-aarch64.so.1
aarch64-conda-linux-gnu/sysroot/usr/lib64/gconv/ISO8859-8.so	ELF 64-bit LSB shared object, ARM aarch64, version 1 (SYSV), dynamically linked, BuildID[sha1]=2cf033d0f719ded9f87d2aa1577cf97e2c1ae8ed, for GNU/Linux 3.7.0, stripped	-	2.17	-	libc.so.6,ld-linux-aarch64.so.1
aarch64-conda-linux-gnu/sysroot/usr/lib64/gconv/IBM903.so	ELF 64-bit LSB shared object, ARM aarch64, version 1 (SYSV), dynamically linked, BuildID[sha1]=3f4d19ec0d08a52fb3f91f4cfc5062ffe991d3ce, for GNU/Linux 3.7.0, stripped	-	2.17	-	libc.so.6,ld-linux-aarch64.so.1
aarch64-conda-linux-gnu/sysroot/usr/lib64/gconv/ISO8859-14.so	ELF 64-bit LSB shared object, ARM aarch64, version 1 (SYSV), dynamically linked, BuildID[sha1]=eed3d9cc0dc7d34f3a0f551056158eecb68553ff, for GNU/Linux 3.7.0, stripped	-	2.17	-	libc.so.6,ld-linux-aarch64.so.1
aarch64-conda-linux-gnu/sysroot/usr/lib64/gconv/CP774.so	ELF 64-bit LSB shared object, ARM aarch64, version 1 (SYSV), dynamically linked, BuildID[sha1]=dd4f69d9009fc9e215ee2cef45787b4e036b9ff3, for GNU/Linux 3.7.0, stripped	-	2.17	-	libc.so.6,ld-linux-aarch64.so.1
aarch64-conda-linux-gnu/sysroot/usr/lib64/gconv/IBM1008.so	ELF 64-bit LSB shared object, ARM aarch64, version 1 (SYSV), dynamically linked, BuildID[sha1]=65cddc1a213a860e2d77a1d1888a29d63614506b, for GNU/Linux 3.7.0, stripped	-	2.17	-	libc.so.6,ld-linux-aarch64.so.1
aarch64-conda-linux-gnu/sysroot/usr/lib64/gconv/IBM1399.so	ELF 64-bit LSB shared object, ARM aarch64, version 1 (SYSV), dynamically linked, BuildID[sha1]=aa88b2243238af6d5e76e2aa73e3d4a4e2fa3c61, for GNU/Linux 3.7.0, stripped	-	2.17	-	libc.so.6,ld-linux-aarch64.so.1
aarch64-conda-linux-gnu/sysroot/usr/lib64/gconv/KOI8-R.so	ELF 64-bit LSB shared object, ARM aarch64, version 1 (SYSV), dynamically linked, BuildID[sha1]=511a96a24ce1086ef9e7bcc790410e50fd07d297, for GNU/Linux 3.7.0, stripped	-	2.17	-	libc.so.6,ld-linux-aarch64.so.1
aarch64-conda-linux-gnu/sysroot/usr/lib64/gconv/IBM1148.so	ELF 64-bit LSB shared object, ARM aarch64, version 1 (SYSV), dynamically linked, BuildID[sha1]=cab983e4449c8d107283b56959c1d1a05149d4b3, for GNU/Linux 3.7.0, stripped	-	2.17	-	libc.so.6,ld-linux-aarch64.so.1
aarch64-conda-linux-gnu/sysroot/usr/lib64/gconv/ISO8859-9E.so	ELF 64-bit LSB shared object, ARM aarch64, version 1 (SYSV), dynamically linked, BuildID[sha1]=7b2bb11faa86d5ae26087c9041ac94625d5bcb1c, for GNU/Linux 3.7.0, stripped	-	2.17	-	libc.so.6,ld-linux-aarch64.so.1
aarch64-conda-linux-gnu/sysroot/usr/lib64/gconv/IBM858.so	ELF 64-bit LSB shared object, ARM aarch64, version 1 (SYSV), dynamically linked, BuildID[sha1]=7c704ea364e7ce140d1188a411c3fe77b4267b95, for GNU/Linux 3.7.0, stripped	-	2.17	-	libc.so.6,ld-linux-aarch64.so.1
aarch64-conda-linux-gnu/sysroot/usr/lib64/gconv/IBM918.so	ELF 64-bit LSB shared object, ARM aarch64, version 1 (SYSV), dynamically linked, BuildID[sha1]=472e03a97c2f50e076a51857532aacee0a9faf93, for GNU/Linux 3.7.0, stripped	-	2.17	-	libc.so.6,ld-linux-aarch64.so.1
aarch64-conda-linux-gnu/sysroot/usr/lib64/gconv/TIS-620.so	ELF 64-bit LSB shared object, ARM aarch64, version 1 (SYSV), dynamically linked, BuildID[sha1]=fcf6783c1b2878c07c6d364ed68919df95057949, for GNU/Linux 3.7.0, stripped	-	2.17	-	libc.so.6,ld-linux-aarch64.so.1
aarch64-conda-linux-gnu/sysroot/usr/lib64/gconv/MAC-SAMI.so	ELF 64-bit LSB shared object, ARM aarch64, version 1 (SYSV), dynamically linked, BuildID[sha1]=c5118cbb063b16834e980f7876827c2a0f1e5a3b, for GNU/Linux 3.7.0, stripped	-	2.17	-	libc.so.6,ld-linux-aarch64.so.1
aarch64-conda-linux-gnu/sysroot/usr/lib64/gconv/ISO-2022-KR.so	ELF 64-bit LSB shared object, ARM aarch64, version 1 (SYSV), dynamically linked, BuildID[sha1]=f0325916e34a27f729c2bea17ed9412579d9b4c2, for GNU/Linux 3.7.0, stripped	-	2.17	-	libKSC.so,libc.so.6,ld-linux-aarch64.so.1
aarch64-conda-linux-gnu/sysroot/usr/lib64/gconv/GOST_19768-74.so	ELF 64-bit LSB shared object, ARM aarch64, version 1 (SYSV), dynamically linked, BuildID[sha1]=cbf13276fce31ca251d2b94fa99b0c22b27b1dd2, for GNU/Linux 3.7.0, stripped	-	2.17	-	libc.so.6,ld-linux-aarch64.so.1
aarch64-conda-linux-gnu/sysroot/usr/lib64/gconv/ISO8859-3.so	ELF 64-bit LSB shared object, ARM aarch64, version 1 (SYSV), dynamically linked, BuildID[sha1]=e929f2831d48d62fd618e90c53748d63d9aac519, for GNU/Linux 3.7.0, stripped	-	2.17	-	libc.so.6,ld-linux-aarch64.so.1
aarch64-conda-linux-gnu/sysroot/usr/lib64/gconv/EBCDIC-DK-NO.so	ELF 64-bit LSB shared object, ARM aarch64, version 1 (SYSV), dynamically linked, BuildID[sha1]=1248ace99da18fe72eedf9f738d36701f899eb78, for GNU/Linux 3.7.0, stripped	-	2.17	-	libc.so.6,ld-linux-aarch64.so.1
aarch64-conda-linux-gnu/sysroot/usr/lib64/gconv/IBM285.so	ELF 64-bit LSB shared object, ARM aarch64, version 1 (SYSV), dynamically linked, BuildID[sha1]=5dcba36975687b1b3bca6861c394ad21c351340c, for GNU/Linux 3.7.0, stripped	-	2.17	-	libc.so.6,ld-linux-aarch64.so.1
aarch64-conda-linux-gnu/sysroot/usr/lib64/gconv/GBGBK.so	ELF 64-bit LSB shared object, ARM aarch64, version 1 (SYSV), dynamically linked, BuildID[sha1]=36a636d2dacd962bd0155c059446759380fa5460, for GNU/Linux 3.7.0, stripped	-	2.17	-	libc.so.6,ld-linux-aarch64.so.1
aarch64-conda-linux-gnu/sysroot/usr/lib64/gconv/IBM1158.so	ELF 64-bit LSB shared object, ARM aarch64, version 1 (SYSV), dynamically linked, BuildID[sha1]=260d437d8adfb98d129d624dce2287dcbe1aeed8, for GNU/Linux 3.7.0, stripped	-	2.17	-	libc.so.6,ld-linux-aarch64.so.1
aarch64-conda-linux-gnu/sysroot/usr/lib64/gconv/IBM1129.so	ELF 64-bit LSB shared object, ARM aarch64, version 1 (SYSV), dynamically linked, BuildID[sha1]=7f368ea8acfc480fcbc43c3d33c134b05f35c09d, for GNU/Linux 3.7.0, stripped	-	2.17	-	libc.so.6,ld-linux-aarch64.so.1
aarch64-conda-linux-gnu/sysroot/usr/lib64/gconv/IBM4899.so	ELF 64-bit LSB shared object, ARM aarch64, version 1 (SYSV), dynamically linked, BuildID[sha1]=befe33bced9fbbf5eeedb532770a5e1b01e6d7ad, for GNU/Linux 3.7.0, stripped	-	2.17	-	libc.so.6,ld-linux-aarch64.so.1
aarch64-conda-linux-gnu/sysroot/usr/lib64/gconv/CP770.so	ELF 64-bit LSB shared object, ARM aarch64, version 1 (SYSV), dynamically linked, BuildID[sha1]=0a5d2e2906abcf2175b28ec65ad93247f269e822, for GNU/Linux 3.7.0, stripped	-	2.17	-	libc.so.6,ld-linux-aarch64.so.1
aarch64-conda-linux-gnu/sysroot/usr/lib64/gconv/ISO8859-10.so	ELF 64-bit LSB shared object, ARM aarch64, version 1 (SYSV), dynamically linked, BuildID[sha1]=8bad4b44482425adc2d001187bce03c1714c18e4, for GNU/Linux 3.7.0, stripped	-	2.17	-	libc.so.6,ld-linux-aarch64.so.1
aarch64-conda-linux-gnu/sysroot/usr/lib64/gconv/IBM256.so	ELF 64-bit LSB shared object, ARM aarch64, version 1 (SYSV), dynamically linked, BuildID[sha1]=920e4d09b1b78864b1ec8b16e68fee6c3aa5b019, for GNU/Linux 3.7.0, stripped	-	2.17	-	libc.so.6,ld-linux-aarch64.so.1
aarch64-conda-linux-gnu/sysroot/usr/lib64/gconv/IBM868.so	ELF 64-bit LSB shared object, ARM aarch64, version 1 (SYSV), dynamically linked, BuildID[sha1]=7234bcd33986aaeda53b7f43175936c951c430de, for GNU/Linux 3.7.0, stripped	-	2.17	-	libc.so.6,ld-linux-aarch64.so.1
aarch64-conda-linux-gnu/sysroot/usr/lib64/gconv/EBCDIC-UK.so	ELF 64-bit LSB shared object, ARM aarch64, version 1 (SYSV), dynamically linked, BuildID[sha1]=59640e909caa91924937032cd708d2697e664682, for GNU/Linux 3.7.0, stripped	-	2.17	-	libc.so.6,ld-linux-aarch64.so.1
aarch64-conda-linux-gnu/sysroot/usr/lib64/gconv/EBCDIC-FR.so	ELF 64-bit LSB shared object, ARM aarch64, version 1 (SYSV), dynamically linked, BuildID[sha1]=f7d35a6446c62909bbbc77a3b88ac6cc33947b5b, for GNU/Linux 3.7.0, stripped	-	2.17	-	libc.so.6,ld-linux-aarch64.so.1
aarch64-conda-linux-gnu/sysroot/usr/lib64/gconv/ISO8859-7.so	ELF 64-bit LSB shared object, ARM aarch64, version 1 (SYSV), dynamically linked, BuildID[sha1]=2aefe37d9ece78e0b0fd989bb08e79c4b3fad29d, for GNU/Linux 3.7.0, stripped	-	2.17	-	libc.so.6,ld-linux-aarch64.so.1
aarch64-conda-linux-gnu/sysroot/usr/lib64/gconv/EBCDIC-US.so	ELF 64-bit LSB shared object, ARM aarch64, version 1 (SYSV), dynamically linked, BuildID[sha1]=a197c90934e776b4d6177fc6f31c59b2f5fcefab, for GNU/Linux 3.7.0, stripped	-	2.17	-	libc.so.6,ld-linux-aarch64.so.1
aarch64-conda-linux-gnu/sysroot/usr/lib64/gconv/CP1258.so	ELF 64-bit LSB shared object, ARM aarch64, version 1 (SYSV), dynamically linked, BuildID[sha1]=0b56653536f92cd5e97a5bdbfbe7c36c00f43a4f, for GNU/Linux 3.7.0, stripped	-	2.17	-	libc.so.6,ld-linux-aarch64.so.1
aarch64-conda-linux-gnu/sysroot/usr/lib64/gconv/IBM281.so	ELF 64-bit LSB shared object, ARM aarch64, version 1 (SYSV), dynamically linked, BuildID[sha1]=cd592b9383efd1328fec03b289107d3598105339, for GNU/Linux 3.7.0, stripped	-	2.17	-	libc.so.6,ld-linux-aarch64.so.1
aarch64-conda-linux-gnu/sysroot/usr/lib64/gconv/IBM290.so	ELF 64-bit LSB shared object, ARM aarch64, version 1 (SYSV), dynamically linked, BuildID[sha1]=197ce68431368689639ebaf909cf0d75d02cfbbc, for GNU/Linux 3.7.0, stripped	-	2.17	-	libc.so.6,ld-linux-aarch64.so.1
aarch64-conda-linux-gnu/sysroot/usr/lib64/gconv/EBCDIC-ES-S.so	ELF 64-bit LSB shared object, ARM aarch64, version 1 (SYSV), dynamically linked, BuildID[sha1]=fd29c2a659cdada3161ff32f3b1f6fe728a83f68, for GNU/Linux 3.7.0, stripped	-	2.17	-	libc.so.6,ld-linux-aarch64.so.1
aarch64-conda-linux-gnu/sysroot/usr/lib64/gconv/ISO8859-11.so	ELF 64-bit LSB shared object, ARM aarch64, version 1 (SYSV), dynamically linked, BuildID[sha1]=910d2e82228e6fa5b73cf00d610cdc4b367ac00e, for GNU/Linux 3.7.0, stripped	-	2.17	-	libc.so.6,ld-linux-aarch64.so.1
aarch64-conda-linux-gnu/sysroot/usr/lib64/gconv/CP771.so	ELF 64-bit LSB shared object, ARM aarch64, version 1 (SYSV), dynamically linked, BuildID[sha1]=f95617f78c2d1922e14d2d502e2dec7c85144d39, for GNU/Linux 3.7.0, stripped	-	2.17	-	libc.so.6,ld-linux-aarch64.so.1
aarch64-conda-linux-gnu/sysroot/usr/lib64/gconv/CP932.so	ELF 64-bit LSB shared object, ARM aarch64, version 1 (SYSV), dynamically linked, BuildID[sha1]=a8cefd64e2a55ca574ed17f4a4b27841cabe37a5, for GNU/Linux 3.7.0, stripped	-	2.17	-	libc.so.6,ld-linux-aarch64.so.1
aarch64-conda-linux-gnu/sysroot/usr/lib64/gconv/IBM869.so	ELF 64-bit LSB shared object, ARM aarch64, version 1 (SYSV), dynamically linked, BuildID[sha1]=87e05caac9eebf9a826bfa4731edb229cdd46a21, for GNU/Linux 3.7.0, stripped	-	2.17	-	libc.so.6,ld-linux-aarch64.so.1
aarch64-conda-linux-gnu/sysroot/usr/lib64/gconv/ISO8859-6.so	ELF 64-bit LSB shared object, ARM aarch64, version 1 (SYSV), dynamically linked, BuildID[sha1]=d8fa2a0ed4b9393152611116cf9eb99b52cea15d, for GNU/Linux 3.7.0, stripped	-	2.17	-	libc.so.6,ld-linux-aarch64.so.1
aarch64-conda-linux-gnu/sysroot/usr/lib64/gconv/IBM939.so	ELF 64-bit LSB shared object, ARM aarch64, version 1 (SYSV), dynamically linked, BuildID[sha1]=fea86e61e9594a7ba43ecc492ca6b286e6fcb01f, for GNU/Linux 3.7.0, stripped	-	2.17	-	libc.so.6,ld-linux-aarch64.so.1
aarch64-conda-linux-gnu/sysroot/usr/lib64/gconv/IBM273.so	ELF 64-bit LSB shared object, ARM aarch64, version 1 (SYSV), dynamically linked, BuildID[sha1]=9a6ffa5c15b11ea108999d381f27eb867c56e99c, for GNU/Linux 3.7.0, stripped	-	2.17	-	libc.so.6,ld-linux-aarch64.so.1
aarch64-conda-linux-gnu/sysroot/usr/lib64/gconv/IBM280.so	ELF 64-bit LSB shared object, ARM aarch64, version 1 (SYSV), dynamically linked, BuildID[sha1]=6f570c415fb62d56057e056f7bba1a3138046b28, for GNU/Linux 3.7.0, stripped	-	2.17	-	libc.so.6,ld-linux-aarch64.so.1
aarch64-conda-linux-gnu/sysroot/usr/lib64/gconv/CP775.so	ELF 64-bit LSB shared object, ARM aarch64, version 1 (SYSV), dynamically linked, BuildID[sha1]=d74f64370199200d857cc36af368f54adcc14694, for GNU/Linux 3.7.0, stripped	-	2.17	-	libc.so.6,ld-linux-aarch64.so.1
aarch64-conda-linux-gnu/sysroot/usr/lib64/gconv/ISO8859-15.so	ELF 64-bit LSB shared object, ARM aarch64, version 1 (SYSV), dynamically linked, BuildID[sha1]=f39cf67d9036f6f8c01a96ca91e2cd3e80cf77b2, for GNU/Linux 3.7.0, stripped	-	2.17	-	libc.so.6,ld-linux-aarch64.so.1
aarch64-conda-linux-gnu/sysroot/usr/lib64/gconv/IBM1149.so	ELF 64-bit LSB shared object, ARM aarch64, version 1 (SYSV), dynamically linked, BuildID[sha1]=eb5d817b5267a8496949a8ca753e721c722475fe, for GNU/Linux 3.7.0, stripped	-	2.17	-	libc.so.6,ld-linux-aarch64.so.1
aarch64-conda-linux-gnu/sysroot/usr/lib64/gconv/EBCDIC-IT.so	ELF 64-bit LSB shared object, ARM aarch64, version 1 (SYSV), dynamically linked, BuildID[sha1]=e3409ff453bc4352b06b64880d10066bc3a64d6b, for GNU/Linux 3.7.0, stripped	-	2.17	-	libc.so.6,ld-linux-aarch64.so.1
aarch64-conda-linux-gnu/sysroot/usr/lib64/gconv/EBCDIC-ES.so	ELF 64-bit LSB shared object, ARM aarch64, version 1 (SYSV), dynamically linked, BuildID[sha1]=ce6c1c34547f40d685befac58ed92f978dd24eda, for GNU/Linux 3.7.0, stripped	-	2.17	-	libc.so.6,ld-linux-aarch64.so.1
aarch64-conda-linux-gnu/sysroot/usr/lib64/gconv/IBM1008_420.so	ELF 64-bit LSB shared object, ARM aarch64, version 1 (SYSV), dynamically linked, BuildID[sha1]=9e2df9d2b776f483f8d48f7f60420c8c85ad08c2, for GNU/Linux 3.7.0, stripped	-	2.17	-	libc.so.6,ld-linux-aarch64.so.1
aarch64-conda-linux-gnu/sysroot/usr/lib64/gconv/ISO_2033.so	ELF 64-bit LSB shared object, ARM aarch64, version 1 (SYSV), dynamically linked, BuildID[sha1]=0df090684cd5208578b8f38cc2bd45784afaf445, for GNU/Linux 3.7.0, stripped	-	2.17	-	libc.so.6,ld-linux-aarch64.so.1
aarch64-conda-linux-gnu/sysroot/usr/lib64/gconv/ISO8859-2.so	ELF 64-bit LSB shared object, ARM aarch64, version 1 (SYSV), dynamically linked, BuildID[sha1]=a17abdb48f6206ca72434da5ea348c6b4c4ef802, for GNU/Linux 3.7.0, stripped	-	2.17	-	libc.so.6,ld-linux-aarch64.so.1
aarch64-conda-linux-gnu/sysroot/usr/lib64/gconv/IBM277.so	ELF 64-bit LSB shared object, ARM aarch64, version 1 (SYSV), dynamically linked, BuildID[sha1]=6a66787014ecde34b7d85f36a6a8b399da34a8b9, for GNU/Linux 3.7.0, stripped	-	2.17	-	libc.so.6,ld-linux-aarch64.so.1
aarch64-conda-linux-gnu/sysroot/usr/lib64/gconv/CWI.so	ELF 64-bit LSB shared object, ARM aarch64, version 1 (SYSV), dynamically linked, BuildID[sha1]=8facbc1d089ee26e36ed8a1a2cca82bdb577ad22, for GNU/Linux 3.7.0, stripped	-	2.17	-	libc.so.6,ld-linux-aarch64.so.1
aarch64-conda-linux-gnu/sysroot/usr/lib64/gconv/IBM284.so	ELF 64-bit LSB shared object, ARM aarch64, version 1 (SYSV), dynamically linked, BuildID[sha1]=efc48da7dbdf4b1b63af7d654cdf7c36e9a631de, for GNU/Linux 3.7.0, stripped	-	2.17	-	libc.so.6,ld-linux-aarch64.so.1
aarch64-conda-linux-gnu/sysroot/usr/lib64/gconv/SHIFT_JISX0213.so	ELF 64-bit LSB shared object, ARM aarch64, version 1 (SYSV), dynamically linked, BuildID[sha1]=47985ef4486d483060a31fdafecb05b9a2269b05, for GNU/Linux 3.7.0, stripped	-	2.17	-	libJISX0213.so,libc.so.6,ld-linux-aarch64.so.1
aarch64-conda-linux-gnu/sysroot/usr/lib64/gconv/IBM1388.so	ELF 64-bit LSB shared object, ARM aarch64, version 1 (SYSV), dynamically linked, BuildID[sha1]=1ad15903fa77d7fd27122a57660c951addf07914, for GNU/Linux 3.7.0, stripped	-	2.17	-	libc.so.6,ld-linux-aarch64.so.1
aarch64-conda-linux-gnu/sysroot/usr/lib64/libpcprofile.so	ELF 64-bit LSB shared object, ARM aarch64, version 1 (SYSV), dynamically linked, BuildID[sha1]=fddcf2b8b6bf4583ba6dce03d7697e53f0f52bc2, for GNU/Linux 3.7.0, stripped	-	2.17	-	libc.so.6,ld-linux-aarch64.so.1
aarch64-conda-linux-gnu/sysroot/usr/bin/locale	ELF 64-bit LSB executable, ARM aarch64, version 1 (SYSV), dynamically linked, interpreter /lib/ld-linux-aarch64.so.1, for GNU/Linux 3.7.0, BuildID[sha1]=1a86afe92723215db614c3f71a77202f16529a66, stripped	off    0x0000000000000238 vaddr 0x0000000000400238 paddr 0x0000000000400238 align 2**0	2.17	-	libc.so.6,ld-linux-aarch64.so.1
aarch64-conda-linux-gnu/sysroot/usr/bin/sprof	ELF 64-bit LSB executable, ARM aarch64, version 1 (SYSV), dynamically linked, interpreter /lib/ld-linux-aarch64.so.1, for GNU/Linux 3.7.0, BuildID[sha1]=c587d87b3a2ab5c5c3f7e65946128351620073dd, stripped	off    0x0000000000000238 vaddr 0x0000000000400238 paddr 0x0000000000400238 align 2**0	2.17	-	libdl.so.2,libc.so.6,ld-linux-aarch64.so.1
aarch64-conda-linux-gnu/sysroot/usr/bin/iconv	ELF 64-bit LSB executable, ARM aarch64, version 1 (SYSV), dynamically linked, interpreter /lib/ld-linux-aarch64.so.1, for GNU/Linux 3.7.0, BuildID[sha1]=d9b1ab1b1afd4fc1c1013cdef131427eb419fe66, stripped	off    0x0000000000000238 vaddr 0x0000000000400238 paddr 0x0000000000400238 align 2**0	2.17	-	libc.so.6,ld-linux-aarch64.so.1
aarch64-conda-linux-gnu/sysroot/usr/bin/pldd	ELF 64-bit LSB executable, ARM aarch64, version 1 (SYSV), dynamically linked, interpreter /lib/ld-linux-aarch64.so.1, for GNU/Linux 3.7.0, BuildID[sha1]=3e837843bcd19b2fc1ebc485081340c75ed42e0c, stripped	off    0x0000000000000238 vaddr 0x0000000000400238 paddr 0x0000000000400238 align 2**0	2.17	-	libc.so.6,ld-linux-aarch64.so.1
aarch64-conda-linux-gnu/sysroot/usr/bin/gencat	ELF 64-bit LSB executable, ARM aarch64, version 1 (SYSV), dynamically linked, interpreter /lib/ld-linux-aarch64.so.1, for GNU/Linux 3.7.0, BuildID[sha1]=f8dfb449bdf6a5754d335c223fddabdb425f8afd, stripped	off    0x0000000000000238 vaddr 0x0000000000400238 paddr 0x0000000000400238 align 2**0	2.17	-	libc.so.6,ld-linux-aarch64.so.1
aarch64-conda-linux-gnu/sysroot/usr/bin/getconf	ELF 64-bit LSB executable, ARM aarch64, version 1 (SYSV), dynamically linked, interpreter /lib/ld-linux-aarch64.so.1, for GNU/Linux 3.7.0, BuildID[sha1]=fb4e8dc851f8b79c0f56f6dafda448d5f0927a40, stripped	off    0x0000000000000238 vaddr 0x0000000000400238 paddr 0x0000000000400238 align 2**0	2.17	-	libc.so.6
aarch64-conda-linux-gnu/sysroot/usr/bin/makedb	ELF 64-bit LSB executable, ARM aarch64, version 1 (SYSV), dynamically linked, interpreter /lib/ld-linux-aarch64.so.1, for GNU/Linux 3.7.0, BuildID[sha1]=8475ee7f9615262aae0d26fa92981c6f11ebd50c, stripped	off    0x0000000000000238 vaddr 0x0000000000400238 paddr 0x0000000000400238 align 2**0	2.17	-	libselinux.so.1,libc.so.6,ld-linux-aarch64.so.1
aarch64-conda-linux-gnu/sysroot/usr/bin/getent	ELF 64-bit LSB executable, ARM aarch64, version 1 (SYSV), dynamically linked, interpreter /lib/ld-linux-aarch64.so.1, for GNU/Linux 3.7.0, BuildID[sha1]=ed2c787f42063442cb0d18d1f4ce2351af7f4562, stripped	off    0x0000000000000238 vaddr 0x0000000000400238 paddr 0x0000000000400238 align 2**0	2.17	-	libc.so.6,ld-linux-aarch64.so.1
aarch64-conda-linux-gnu/sysroot/usr/bin/localedef	ELF 64-bit LSB executable, ARM aarch64, version 1 (SYSV), dynamically linked, interpreter /lib/ld-linux-aarch64.so.1, for GNU/Linux 3.7.0, BuildID[sha1]=cfc77a032cc81e71b65da1c9b5e7c3252870be13, stripped	off    0x0000000000000238 vaddr 0x0000000000400238 paddr 0x0000000000400238 align 2**0	2.17	-	libc.so.6,ld-linux-aarch64.so.1
aarch64-conda-linux-gnu/sysroot/usr/libexec/getconf/POSIX_V7_LP64_OFF64	ELF 64-bit LSB executable, ARM aarch64, version 1 (SYSV), dynamically linked, interpreter /lib/ld-linux-aarch64.so.1, for GNU/Linux 3.7.0, BuildID[sha1]=fb4e8dc851f8b79c0f56f6dafda448d5f0927a40, stripped	off    0x0000000000000238 vaddr 0x0000000000400238 paddr 0x0000000000400238 align 2**0	2.17	-	libc.so.6
aarch64-conda-linux-gnu/sysroot/usr/libexec/getconf/XBS5_LP64_OFF64	ELF 64-bit LSB executable, ARM aarch64, version 1 (SYSV), dynamically linked, interpreter /lib/ld-linux-aarch64.so.1, for GNU/Linux 3.7.0, BuildID[sha1]=fb4e8dc851f8b79c0f56f6dafda448d5f0927a40, stripped	off    0x0000000000000238 vaddr 0x0000000000400238 paddr 0x0000000000400238 align 2**0	2.17	-	libc.so.6
aarch64-conda-linux-gnu/sysroot/usr/libexec/getconf/POSIX_V6_LP64_OFF64	ELF 64-bit LSB executable, ARM aarch64, version 1 (SYSV), dynamically linked, interpreter /lib/ld-linux-aarch64.so.1, for GNU/Linux 3.7.0, BuildID[sha1]=fb4e8dc851f8b79c0f56f6dafda448d5f0927a40, stripped	off    0x0000000000000238 vaddr 0x0000000000400238 paddr 0x0000000000400238 align 2**0	2.17	-	libc.so.6
aarch64-conda-linux-gnu/sysroot/usr/sbin/iconvconfig	ELF 64-bit LSB executable, ARM aarch64, version 1 (SYSV), dynamically linked, interpreter /lib/ld-linux-aarch64.so.1, for GNU/Linux 3.7.0, BuildID[sha1]=1d3c6c1720ab97d6b7d744816da835a65788a960, stripped	off    0x0000000000000238 vaddr 0x0000000000400238 paddr 0x0000000000400238 align 2**0	2.17	-	libc.so.6,ld-linux-aarch64.so.1
aarch64-conda-linux-gnu/sysroot/usr/sbin/zdump	ELF 64-bit LSB executable, ARM aarch64, version 1 (SYSV), dynamically linked, interpreter /lib/ld-linux-aarch64.so.1, for GNU/Linux 3.7.0, BuildID[sha1]=b57afb82b8bf17cf959981c857f55c7f784353c0, stripped	off    0x0000000000000238 vaddr 0x0000000000400238 paddr 0x0000000000400238 align 2**0	2.17	-	libc.so.6,ld-linux-aarch64.so.1
aarch64-conda-linux-gnu/sysroot/usr/sbin/build-locale-archive	ELF 64-bit LSB executable, ARM aarch64, version 1 (GNU/Linux), statically linked, for GNU/Linux 3.7.0, BuildID[sha1]=97854de39fa12e7cdab7553cd4f9b86169306845, stripped	-	-	-	-
aarch64-conda-linux-gnu/sysroot/usr/sbin/zic	ELF 64-bit LSB executable, ARM aarch64, version 1 (SYSV), dynamically linked, interpreter /lib/ld-linux-aarch64.so.1, for GNU/Linux 3.7.0, BuildID[sha1]=66bd86412f5e95313b258387189adbd79f1befcd, stripped	off    0x0000000000000238 vaddr 0x0000000000400238 paddr 0x0000000000400238 align 2**0	2.17	-	libc.so.6,ld-linux-aarch64.so.1
aarch64-conda-linux-gnu/sysroot/lib64/libSegFault.so	ELF 64-bit LSB shared object, ARM aarch64, version 1 (SYSV), dynamically linked, BuildID[sha1]=bc0d27a6da86d6a15a859701b17ada0919dcdd47, for GNU/Linux 3.7.0, stripped	-	2.17	-	libc.so.6,ld-linux-aarch64.so.1
aarch64-conda-linux-gnu/sysroot/lib64/libpthread-2.28.so	ELF 64-bit LSB shared object, ARM aarch64, version 1 (SYSV), dynamically linked, interpreter /lib/ld-linux-aarch64.so.1, BuildID[sha1]=f689012bd694fcb6e31c583329c886c52a1f97da, for GNU/Linux 3.7.0, not stripped	off    0x00000000000157f0 vaddr 0x00000000000157f0 paddr 0x00000000000157f0 align 2**3	2.17	-	libc.so.6,ld-linux-aarch64.so.1
aarch64-conda-linux-gnu/sysroot/lib64/libresolv-2.28.so	ELF 64-bit LSB shared object, ARM aarch64, version 1 (SYSV), dynamically linked, BuildID[sha1]=cdf1ce077c125206430664432dc547531173147e, for GNU/Linux 3.7.0, stripped	-	2.17	-	libc.so.6,ld-linux-aarch64.so.1
aarch64-conda-linux-gnu/sysroot/lib64/libanl-2.28.so	ELF 64-bit LSB shared object, ARM aarch64, version 1 (SYSV), dynamically linked, BuildID[sha1]=1c1bab60d36f224faaf309500547ffb1b09b94f2, for GNU/Linux 3.7.0, stripped	-	2.17	-	libpthread.so.0,libc.so.6,ld-linux-aarch64.so.1
aarch64-conda-linux-gnu/sysroot/lib64/libnss_compat-2.28.so	ELF 64-bit LSB shared object, ARM aarch64, version 1 (SYSV), dynamically linked, BuildID[sha1]=d2d1005255b10ca91e4c60d90ff20b9f8c31990e, for GNU/Linux 3.7.0, stripped	-	2.17	-	libc.so.6,ld-linux-aarch64.so.1
aarch64-conda-linux-gnu/sysroot/lib64/libthread_db-1.0.so	ELF 64-bit LSB shared object, ARM aarch64, version 1 (SYSV), dynamically linked, BuildID[sha1]=a46d22cf3c4455ba3988783668abcb179c0432f4, for GNU/Linux 3.7.0, stripped	-	2.17	-	libc.so.6,ld-linux-aarch64.so.1
aarch64-conda-linux-gnu/sysroot/lib64/libm-2.28.so	ELF 64-bit LSB shared object, ARM aarch64, version 1 (SYSV), dynamically linked, BuildID[sha1]=2f8acb404f6086ee17482243fd2e6635e7f85be4, for GNU/Linux 3.7.0, stripped	-	2.17	-	libc.so.6,ld-linux-aarch64.so.1
aarch64-conda-linux-gnu/sysroot/lib64/libnss_dns-2.28.so	ELF 64-bit LSB shared object, ARM aarch64, version 1 (SYSV), dynamically linked, BuildID[sha1]=ef618872fb458b3edae26dc3f6cb1d40dfb1d013, for GNU/Linux 3.7.0, stripped	-	2.17	-	libresolv.so.2,libc.so.6,ld-linux-aarch64.so.1
aarch64-conda-linux-gnu/sysroot/lib64/libnss_files-2.28.so	ELF 64-bit LSB shared object, ARM aarch64, version 1 (SYSV), dynamically linked, BuildID[sha1]=110ec790910fd9f4fc71cac97fd422ef5b6deb20, for GNU/Linux 3.7.0, stripped	-	2.17	-	libc.so.6,ld-linux-aarch64.so.1
aarch64-conda-linux-gnu/sysroot/lib64/libutil-2.28.so	ELF 64-bit LSB shared object, ARM aarch64, version 1 (SYSV), dynamically linked, BuildID[sha1]=e6bb56632e9c7e884f1c61cfbbd33ed645e093d5, for GNU/Linux 3.7.0, stripped	-	2.17	-	libc.so.6,ld-linux-aarch64.so.1
aarch64-conda-linux-gnu/sysroot/lib64/librt-2.28.so	ELF 64-bit LSB shared object, ARM aarch64, version 1 (SYSV), dynamically linked, BuildID[sha1]=095f2bdc69d83a3fcdc91e38da5f941e820c60a2, for GNU/Linux 3.7.0, not stripped	-	2.17	-	libpthread.so.0,libc.so.6,ld-linux-aarch64.so.1
aarch64-conda-linux-gnu/sysroot/lib64/ld-2.28.so	ELF 64-bit LSB shared object, ARM aarch64, version 1 (SYSV), static-pie linked, BuildID[sha1]=444315aa47ec0f59ca007bcdc712bb539b9af85f, with debug_info, not stripped	-	-	-	-
aarch64-conda-linux-gnu/sysroot/lib64/libdl-2.28.so	ELF 64-bit LSB shared object, ARM aarch64, version 1 (SYSV), dynamically linked, BuildID[sha1]=0c0dc1a27fd657daaf0ae87e7e85b50d01618390, for GNU/Linux 3.7.0, not stripped	-	2.17	-	libc.so.6,ld-linux-aarch64.so.1
aarch64-conda-linux-gnu/sysroot/lib64/libBrokenLocale-2.28.so	ELF 64-bit LSB shared object, ARM aarch64, version 1 (SYSV), dynamically linked, BuildID[sha1]=0a8e0d0eb16c91a3f7f9e91898c657c03b176398, for GNU/Linux 3.7.0, stripped	-	2.17	-	libc.so.6,ld-linux-aarch64.so.1
aarch64-conda-linux-gnu/sysroot/lib64/libc-2.28.so	ELF 64-bit LSB shared object, ARM aarch64, version 1 (GNU/Linux), dynamically linked, interpreter /lib/ld-linux-aarch64.so.1, BuildID[sha1]=c46363403e2f608258f8b092c96826b8e0071bd0, for GNU/Linux 3.7.0, not stripped	off    0x000000000012eb80 vaddr 0x000000000012eb80 paddr 0x000000000012eb80 align 2**3	2.17	-	ld-linux-aarch64.so.1
aarch64-conda-linux-gnu/sysroot/sbin/ldconfig	ELF 64-bit LSB executable, ARM aarch64, version 1 (GNU/Linux), statically linked, for GNU/Linux 3.7.0, BuildID[sha1]=a10b040292aaf4d1f64c54dae421f4e4eb855cb8, stripped	-	-	-	-
